CableId, Panel Id, Description, Location, Room, Affl, Dest Rack Id, CableId, Qty, SystemType
TD001, AV202, AVCONTROL PANEL, STAGE, G15, 1100, ER401, TD001, 1, TECHNICAL_DATA
TD002, AV451, PROJECTOR, AUDITORIUM, G16, SOFFIT, ER401, TD002, 1, TECHNICAL_DATA
TD003, AV651, SHOW RELAY CAMERA, AUDITORIUM, G16, ON BAR, ER401, TD003, 1, TECHNICAL_DATA
TD004, BS217, TECH PANEL, WORKSHOP G35, , 1200, ER401, TD004, 6, TECHNICAL_DATA
TD005, BS217, TECH PANEL, WORKSHOP G35, , 1200, ER401, TD005, 6, TECHNICAL_DATA
TD006, BS217, TECH PANEL, WORKSHOP G35, , 1200, ER401, TD006, 6, TECHNICAL_DATA
TD007, BS217, TECH PANEL, WORKSHOP G35, , 1200, ER401, TD007, 6, TECHNICAL_DATA
TD008, BS217, TECH PANEL, WORKSHOP G35, , 1200, ER401, TD008, 6, TECHNICAL_DATA
TD009, BS217, TECH PANEL, WORKSHOP G35, , 1200, ER401, TD009, 6, TECHNICAL_DATA
TD010, BS218, TECH PANEL, SCENE DOCK G24, , 500, ER401, TD010, 4, TECHNICAL_DATA
TD011, BS218, TECH PANEL, SCENE DOCK G24, , 500, ER401, TD011, 4, TECHNICAL_DATA
TD012, BS218, TECH PANEL, SCENE DOCK G24, , 500, ER401, TD012, 4, TECHNICAL_DATA
TD013, BS218, TECH PANEL, SCENE DOCK G24, , 500, ER401, TD013, 4, TECHNICAL_DATA
TD014, DIM601, DIMMER RACK, TECH, 220, 500, ER401, TD014, 2, TECHNICAL_DATA
TD015, DIM601, DIMMER RACK, TECH, 220, 500, ER401, TD015, 2, TECHNICAL_DATA
TD016, ER211, EQUIP RACK, CLOAK ROOM, G07, 0, ER401, TD016, 5, TECHNICAL_DATA
TD017, ER211, EQUIP RACK, CLOAK ROOM, G07, 0, ER401, TD017, 5, TECHNICAL_DATA
TD018, ER211, EQUIP RACK, CLOAK ROOM, G07, 0, ER401, TD018, 5, TECHNICAL_DATA
TD019, ER211, EQUIP RACK, CLOAK ROOM, G07, 0, ER401, TD019, 5, TECHNICAL_DATA
TD020, ER211, EQUIP RACK, CLOAK ROOM, G07, 0, ER401, TD020, 5, TECHNICAL_DATA
TD021, ER491, EQPT RACK, CONTROL ROOM, , 0, ER401, TD021, 10, TECHNICAL_DATA
TD022, ER491, EQPT RACK, CONTROL ROOM, , 0, ER401, TD022, 10, TECHNICAL_DATA
TD023, ER491, EQPT RACK, CONTROL ROOM, , 0, ER401, TD023, 10, TECHNICAL_DATA
TD024, ER491, EQPT RACK, CONTROL ROOM, , 0, ER401, TD024, 10, TECHNICAL_DATA
TD025, ER491, EQPT RACK, CONTROL ROOM, , 0, ER401, TD025, 10, TECHNICAL_DATA
TD026, ER491, EQPT RACK, CONTROL ROOM, , 0, ER401, TD026, 10, TECHNICAL_DATA
TD027, ER491, EQPT RACK, CONTROL ROOM, , 0, ER401, TD027, 10, TECHNICAL_DATA
TD028, ER491, EQPT RACK, CONTROL ROOM, , 0, ER401, TD028, 10, TECHNICAL_DATA
TD029, ER491, EQPT RACK, CONTROL ROOM, , 0, ER401, TD029, 10, TECHNICAL_DATA
TD030, ER491, EQPT RACK, CONTROL ROOM, , 0, ER401, TD030, 10, TECHNICAL_DATA
TD031, FB201, FLOORBOXES, STAGE, G15, 0, ER401, TD031, 2, TECHNICAL_DATA
TD032, FB201, FLOORBOXES, STAGE, G15, 0, ER401, TD032, 2, TECHNICAL_DATA
TD033, FB202, FLOORBOXES, STAGE, G15, 0, ER401, TD033, 2, TECHNICAL_DATA
TD034, FB202, FLOORBOXES, STAGE, G15, 0, ER401, TD034, 2, TECHNICAL_DATA
TD035, FB203, FLOORBOXES, STAGE, G15, 0, ER401, TD035, 2, TECHNICAL_DATA
TD036, FB203, FLOORBOXES, STAGE, G15, 0, ER401, TD036, 2, TECHNICAL_DATA
TD037, FB204, FLOORBOXES, STAGE, G15, 0, ER401, TD037, 2, TECHNICAL_DATA
TD038, FB204, FLOORBOXES, STAGE, G15, 0, ER401, TD038, 2, TECHNICAL_DATA
TD039, FB205, FLOORBOXES, STAGE, G15, 0, ER401, TD039, 2, TECHNICAL_DATA
TD040, FB205, FLOORBOXES, STAGE, G15, 0, ER401, TD040, 2, TECHNICAL_DATA
TD041, FB206, FLOORBOXES, STAGE, G15, 0, ER401, TD041, 2, TECHNICAL_DATA
TD042, FB206, FLOORBOXES, STAGE, G15, 0, ER401, TD042, 2, TECHNICAL_DATA
TD043, FB207, FLOORBOXES, STAGE, G15, 0, ER401, TD043, 2, TECHNICAL_DATA
TD044, FB207, FLOORBOXES, STAGE, G15, 0, ER401, TD044, 2, TECHNICAL_DATA
TD045, FB208, FLOORBOXES, STAGE, G15, 0, ER401, TD045, 2, TECHNICAL_DATA
TD046, FB208, FLOORBOXES, STAGE, G15, 0, ER401, TD046, 2, TECHNICAL_DATA
TD047, FB251, FLOORBOXES, AUDITORIUM, G16, 0, ER401, TD047, 2, TECHNICAL_DATA
TD048, FB251, FLOORBOXES, AUDITORIUM, G16, 0, ER401, TD048, 2, TECHNICAL_DATA
TD049, FB252, FLOORBOXES, AUDITORIUM, G16, 0, ER401, TD049, 2, TECHNICAL_DATA
TD050, FB252, FLOORBOXES, AUDITORIUM, G16, 0, ER401, TD050, 2, TECHNICAL_DATA
TD051, FB253, FLOORBOXES, AUDITORIUM, G16, 0, ER401, TD051, 2, TECHNICAL_DATA
TD052, FB253, FLOORBOXES, AUDITORIUM, G16, 0, ER401, TD052, 2, TECHNICAL_DATA
TD053, FB254, FLOORBOXES, AUDITORIUM, G16, 0, ER401, TD053, 2, TECHNICAL_DATA
TD054, FB254, FLOORBOXES, AUDITORIUM, G16, 0, ER401, TD054, 2, TECHNICAL_DATA
TD055, FB255, FLOORBOXES, AUDITORIUM, G16, 0, ER401, TD055, 2, TECHNICAL_DATA
TD056, FB255, FLOORBOXES, AUDITORIUM, G16, 0, ER401, TD056, 2, TECHNICAL_DATA
TD057, FB256, FLOORBOXES, AUDITORIUM, G16, 0, ER401, TD057, 2, TECHNICAL_DATA
TD058, FB256, FLOORBOXES, AUDITORIUM, G16, 0, ER401, TD058, 2, TECHNICAL_DATA
TD059, FB257, FLOORBOXES, AUDITORIUM, G16, 0, ER401, TD059, 2, TECHNICAL_DATA
TD060, FB257, FLOORBOXES, AUDITORIUM, G16, 0, ER401, TD060, 2, TECHNICAL_DATA
TD061, FB258, FLOORBOXES, AUDITORIUM, G16, 0, ER401, TD061, 2, TECHNICAL_DATA
TD062, FB258, FLOORBOXES, AUDITORIUM, G16, 0, ER401, TD062, 2, TECHNICAL_DATA
TD063, FB259, FLOORBOXES, AUDITORIUM, G16, 0, ER401, TD063, 2, TECHNICAL_DATA
TD064, FB259, FLOORBOXES, AUDITORIUM, G16, 0, ER401, TD064, 2, TECHNICAL_DATA
TD065, FS651, FOLLOW SPOT, LEVEL 2 BALCONY, , 150, ER401, TD065, 1, TECHNICAL_DATA
TD066, FS652, FOLLOW SPOT, LEVEL 2 BALCONY, , 150, ER401, TD066, 1, TECHNICAL_DATA
TD067, FY201, TECH PANEL/FLOOR BOX, FUNCTION/FOYER, G01, 0, ER401, TD067, 2, TECHNICAL_DATA
TD068, FY201, TECH PANEL/FLOOR BOX, FUNCTION/FOYER, G01, 0, ER401, TD068, 2, TECHNICAL_DATA
TD069, FY202, TECH PANEL, FUNCTION/FOYER, G01, 300, ER401, TD069, 2, TECHNICAL_DATA
TD070, FY202, TECH PANEL, FUNCTION/FOYER, G01, 300, ER401, TD070, 2, TECHNICAL_DATA
TD071, FY211, TECH PANEL/FLOOR BOX, FUNCTION/FOYER, G01, 0, ER401, TD071, 2, TECHNICAL_DATA
TD072, FY211, TECH PANEL/FLOOR BOX, FUNCTION/FOYER, G01, 0, ER401, TD072, 2, TECHNICAL_DATA
TD073, FY226, SCREEN, FUNCTION/FOYER, G01, 2200, ER401, TD073, 1, TECHNICAL_DATA
TD074, FY401, TECH PANEL/FLOOR BOX, FOYER, 113, 0, ER401, TD074, 2, TECHNICAL_DATA
TD075, FY401, TECH PANEL/FLOOR BOX, FOYER, 113, 0, ER401, TD075, 2, TECHNICAL_DATA
TD076, FY421, SCREEN, FOYER, 113, 2200, ER401, TD076, 1, TECHNICAL_DATA
TD077, FY422, SCREEN, FOYER, 113, 2200, ER401, TD077, 1, TECHNICAL_DATA
TD078, FY621, SCREEN, FOYER, 207, 2200, ER401, TD078, 1, TECHNICAL_DATA
TD079, FY622, SCREEN, FOYER, 207, 2200, ER401, TD079, 1, TECHNICAL_DATA
TD080, LX451, LX BALCONY BAR, AUDITORIUM, G16, ON BAR, ER401, TD080, 2, TECHNICAL_DATA
TD081, LX451, LX BALCONY BAR, AUDITORIUM, G16, ON BAR, ER401, TD081, 2, TECHNICAL_DATA
TD082, LX452, LX BALCONY BAR, AUDITORIUM, G16, ON BAR, ER401, TD082, 2, TECHNICAL_DATA
TD083, LX452, LX BALCONY BAR, AUDITORIUM, G16, ON BAR, ER401, TD083, 2, TECHNICAL_DATA
TD084, LX453, LX BALCONY BAR, AUDITORIUM, G16, ON BAR, ER401, TD084, 2, TECHNICAL_DATA
TD085, LX453, LX BALCONY BAR, AUDITORIUM, G16, ON BAR, ER401, TD085, 2, TECHNICAL_DATA
TD086, LX454, LX BALCONY BAR, AUDITORIUM, G16, ON BAR, ER401, TD086, 2, TECHNICAL_DATA
TD087, LX454, LX BALCONY BAR, AUDITORIUM, G16, ON BAR, ER401, TD087, 2, TECHNICAL_DATA
TD088, LX651, LX BALCONY BAR, LEVEL 2 BALCONY, , ON BAR, ER401, TD088, 2, TECHNICAL_DATA
TD089, LX651, LX BALCONY BAR, LEVEL 2 BALCONY, , ON BAR, ER401, TD089, 2, TECHNICAL_DATA
TD090, LX652, LX BALCONY BAR, LEVEL 2 BALCONY, , ON BAR, ER401, TD090, 2, TECHNICAL_DATA
TD091, LX652, LX BALCONY BAR, LEVEL 2 BALCONY, , ON BAR, ER401, TD091, 2, TECHNICAL_DATA
TD092, LX653, LX BALCONY BAR, LEVEL 2 BALCONY, , ON BAR, ER401, TD092, 2, TECHNICAL_DATA
TD093, LX653, LX BALCONY BAR, LEVEL 2 BALCONY, , ON BAR, ER401, TD093, 2, TECHNICAL_DATA
TD094, LX654, LX BALCONY BAR, LEVEL 2 BALCONY, , ON BAR, ER401, TD094, 2, TECHNICAL_DATA
TD095, LX654, LX BALCONY BAR, LEVEL 2 BALCONY, , ON BAR, ER401, TD095, 2, TECHNICAL_DATA
TD096, LX655, LX BALCONY BAR, LEVEL 2 BALCONY, , ON BAR, ER401, TD096, 2, TECHNICAL_DATA
TD097, LX655, LX BALCONY BAR, LEVEL 2 BALCONY, , ON BAR, ER401, TD097, 2, TECHNICAL_DATA
TD098, LX656, LX BALCONY BAR, LEVEL 2 BALCONY, , ON BAR, ER401, TD098, 2, TECHNICAL_DATA
TD099, LX656, LX BALCONY BAR, LEVEL 2 BALCONY, , ON BAR, ER401, TD099, 2, TECHNICAL_DATA
TD100, LX801, LX BAR, STAGE, G15, CEILING, ER401, TD100, 3, TECHNICAL_DATA
TD101, LX801, LX BAR, STAGE, G15, CEILING, ER401, TD101, 3, TECHNICAL_DATA
TD102, LX801, LX BAR, STAGE, G15, CEILING, ER401, TD102, 3, TECHNICAL_DATA
TD103, LX802, LX BAR, STAGE, G15, CEILING, ER401, TD103, 3, TECHNICAL_DATA
TD104, LX802, LX BAR, STAGE, G15, CEILING, ER401, TD104, 3, TECHNICAL_DATA
TD105, LX802, LX BAR, STAGE, G15, CEILING, ER401, TD105, 3, TECHNICAL_DATA
TD106, LX803, LX BAR, STAGE, G15, CEILING, ER401, TD106, 3, TECHNICAL_DATA
TD107, LX803, LX BAR, STAGE, G15, CEILING, ER401, TD107, 3, TECHNICAL_DATA
TD108, LX803, LX BAR, STAGE, G15, CEILING, ER401, TD108, 3, TECHNICAL_DATA
TD109, LX804, LX BAR, STAGE, G15, CEILING, ER401, TD109, 3, TECHNICAL_DATA
TD110, LX804, LX BAR, STAGE, G15, CEILING, ER401, TD110, 3, TECHNICAL_DATA
TD111, LX804, LX BAR, STAGE, G15, CEILING, ER401, TD111, 3, TECHNICAL_DATA
TD112, LX851, LX BAR (ORCH), AUDITORIUM, G16, CEILING, ER401, TD112, 3, TECHNICAL_DATA
TD113, LX851, LX BAR (ORCH), AUDITORIUM, G16, CEILING, ER401, TD113, 3, TECHNICAL_DATA
TD114, LX851, LX BAR (ORCH), AUDITORIUM, G16, CEILING, ER401, TD114, 3, TECHNICAL_DATA
TD115, LX861, LX BAR, CABLE NET, , ON CABLENET PICKUPS, ER401, TD115, 3, TECHNICAL_DATA
TD116, LX861, LX BAR, CABLE NET, , ON CABLENET PICKUPS, ER401, TD116, 3, TECHNICAL_DATA
TD117, LX861, LX BAR, CABLE NET, , ON CABLENET PICKUPS, ER401, TD117, 3, TECHNICAL_DATA
TD118, LX862, LX BAR, CABLE NET, , ON CABLENET PICKUPS, ER401, TD118, 3, TECHNICAL_DATA
TD119, LX862, LX BAR, CABLE NET, , ON CABLENET PICKUPS, ER401, TD119, 3, TECHNICAL_DATA
TD120, LX862, LX BAR, CABLE NET, , ON CABLENET PICKUPS, ER401, TD120, 3, TECHNICAL_DATA
TD121, LX863, LX BAR, CABLE NET, , ON CABLENET PICKUPS, ER401, TD121, 3, TECHNICAL_DATA
TD122, LX863, LX BAR, CABLE NET, , ON CABLENET PICKUPS, ER401, TD122, 3, TECHNICAL_DATA
TD123, LX863, LX BAR, CABLE NET, , ON CABLENET PICKUPS, ER401, TD123, 3, TECHNICAL_DATA
TD124, SX451, SPEAKER, LEVEL 1 BALCONY, , ON BAR, ER401, TD124, 1, TECHNICAL_DATA
TD125, SX452, SPEAKER, LEVEL 1 BALCONY, , ON BAR, ER401, TD125, 1, TECHNICAL_DATA
TD126, SX851A, SPEAKER (ARRAY), AUDITORIUM, G16, CEILING, ER401, TD126, 1, TECHNICAL_DATA
TD127, SX851B, SPEAKER (SUBS), AUDITORIUM, G16, CEILING, ER401, TD127, 1, TECHNICAL_DATA
TD128, SX852, SPEAKER, AUDITORIUM, G16, CEILING, ER401, TD128, 1, TECHNICAL_DATA
TD129, SX853, SPEAKER, AUDITORIUM, G16, CEILING, ER401, TD129, 1, TECHNICAL_DATA
TD130, SX854, SPEAKER, AUDITORIUM, G16, CEILING, ER401, TD130, 1, TECHNICAL_DATA
TD131, SX855A, SPEAKER (ARRAY), AUDITORIUM, G16, CEILING, ER401, TD131, 1, TECHNICAL_DATA
TD132, SX855B, SPEAKER (SUBS), AUDITORIUM, G16, CEILING, ER401, TD132, 1, TECHNICAL_DATA
TD133, TP001, TECH PANEL, SUB STAGE, B01, 300, ER401, TD133, 1, TECHNICAL_DATA
TD134, TP002, TECH PANEL, SUB STAGE, B01, 300, ER401, TD134, 1, TECHNICAL_DATA
TD135, TP003, TECH PANEL, SUB STAGE, B01, 300, ER401, TD135, 1, TECHNICAL_DATA
TD136, TP201A, TECH PANEL (SM Panel), PERF LOCK, G23, 300, ER401, TD136, 2, TECHNICAL_DATA
TD137, TP201A, TECH PANEL (SM Panel), PERF LOCK, G23, 300, ER401, TD137, 2, TECHNICAL_DATA
TD138, TP202, TECH PANEL (SM Panel), STAGE, G15, 300, ER401, TD138, 2, TECHNICAL_DATA
TD139, TP202, TECH PANEL (SM Panel), STAGE, G15, 300, ER401, TD139, 2, TECHNICAL_DATA
TD140, TP203, TECH PANEL, STAGE, G15, 300, ER401, TD140, 2, TECHNICAL_DATA
TD141, TP203, TECH PANEL, STAGE, G15, 300, ER401, TD141, 2, TECHNICAL_DATA
TD142, TP204, TECH PANEL, STAGE, G15, 300, ER401, TD142, 2, TECHNICAL_DATA
TD143, TP204, TECH PANEL, STAGE, G15, 300, ER401, TD143, 2, TECHNICAL_DATA
TD144, TP205, TECH PANEL (Power Lock), STAGE, G15, 300, ER401, TD144, 1, TECHNICAL_DATA
TD145, TP251, TECH PANEL, FORESTAGE, B02, 300, ER401, TD145, 2, TECHNICAL_DATA
TD146, TP251, TECH PANEL, FORESTAGE, B02, 300, ER401, TD146, 2, TECHNICAL_DATA
TD147, TP252, TECH PANEL, FORESTAGE, B02, 300, ER401, TD147, 2, TECHNICAL_DATA
TD148, TP252, TECH PANEL, FORESTAGE, B02, 300, ER401, TD148, 2, TECHNICAL_DATA
TD149, TP601, TECH PANEL, TECH (GALLERY), 218, 300, ER401, TD149, 2, TECHNICAL_DATA
TD150, TP601, TECH PANEL, TECH (GALLERY), 218, 300, ER401, TD150, 2, TECHNICAL_DATA
TD151, TP602, TECH PANEL, TECH (GALLERY), 219, 300, ER401, TD151, 2, TECHNICAL_DATA
TD152, TP602, TECH PANEL, TECH (GALLERY), 219, 300, ER401, TD152, 2, TECHNICAL_DATA
TD153, TP603, TECH PANEL, TECH (GALLERY), 218, 300, ER401, TD153, 2, TECHNICAL_DATA
TD154, TP603, TECH PANEL, TECH (GALLERY), 218, 300, ER401, TD154, 2, TECHNICAL_DATA
TD155, TP604, TECH PANEL, TECH (GALLERY), 219, 300, ER401, TD155, 2, TECHNICAL_DATA
TD156, TP604, TECH PANEL, TECH (GALLERY), 219, 300, ER401, TD156, 2, TECHNICAL_DATA
TD157, TP801, TECH PANEL, FLY GALLERY, , 300, ER401, TD157, 2, TECHNICAL_DATA
TD158, TP801, TECH PANEL, FLY GALLERY, , 300, ER401, TD158, 2, TECHNICAL_DATA
TD159, TP802, TECH PANEL, FLY GALLERY, , 300, ER401, TD159, 2, TECHNICAL_DATA
TD160, TP802, TECH PANEL, FLY GALLERY, , 300, ER401, TD160, 2, TECHNICAL_DATA
TD161, TP803, TECH PANEL, FLY GALLERY, , 300, ER401, TD161, 2, TECHNICAL_DATA
TD162, TP803, TECH PANEL, FLY GALLERY, , 300, ER401, TD162, 2, TECHNICAL_DATA
TD163, TP804, TECH PANEL, FLY GALLERY, , 300, ER401, TD163, 2, TECHNICAL_DATA
TD164, TP804, TECH PANEL, FLY GALLERY, , 300, ER401, TD164, 2, TECHNICAL_DATA
TD165, TP851, TECH PANEL, CABLE NET, , 300, ER401, TD165, 4, TECHNICAL_DATA
TD166, TP851, TECH PANEL, CABLE NET, , 300, ER401, TD166, 4, TECHNICAL_DATA
TD167, TP851, TECH PANEL, CABLE NET, , 300, ER401, TD167, 4, TECHNICAL_DATA
TD168, TP851, TECH PANEL, CABLE NET, , 300, ER401, TD168, 4, TECHNICAL_DATA
TD169, TP852, TECH PANEL, CABLE NET, , 300, ER401, TD169, 4, TECHNICAL_DATA
TD170, TP852, TECH PANEL, CABLE NET, , 300, ER401, TD170, 4, TECHNICAL_DATA
TD171, TP852, TECH PANEL, CABLE NET, , 300, ER401, TD171, 4, TECHNICAL_DATA
TD172, TP852, TECH PANEL, CABLE NET, , 300, ER401, TD172, 4, TECHNICAL_DATA
TD173, TP853, TECH PANEL, CABLE NET, , 300, ER401, TD173, 4, TECHNICAL_DATA
TD174, TP853, TECH PANEL, CABLE NET, , 300, ER401, TD174, 4, TECHNICAL_DATA
TD175, TP853, TECH PANEL, CABLE NET, , 300, ER401, TD175, 4, TECHNICAL_DATA
TD176, TP853, TECH PANEL, CABLE NET, , 300, ER401, TD176, 4, TECHNICAL_DATA
TD177, TP854, TECH PANEL, CABLE NET, , 300, ER401, TD177, 4, TECHNICAL_DATA
TD178, TP854, TECH PANEL, CABLE NET, , 300, ER401, TD178, 4, TECHNICAL_DATA
TD179, TP854, TECH PANEL, CABLE NET, , 300, ER401, TD179, 4, TECHNICAL_DATA
TD180, TP854, TECH PANEL, CABLE NET, , 300, ER401, TD180, 4, TECHNICAL_DATA
TD193, BR701, LIGHTING, BREAK OUT, 204, CEILING, ER601, TD193, 1, TECHNICAL_DATA
TD194, BR702, LIGHTING, BREAK OUT, 204, CEILING, ER601, TD194, 1, TECHNICAL_DATA
TD195, BR703, LIGHTING, BREAK OUT, 204, CEILING, ER601, TD195, 1, TECHNICAL_DATA
TD196, BR704, LIGHTING, BREAK OUT, 204, CEILING, ER601, TD196, 1, TECHNICAL_DATA
TD197, CN601, AV CONTROL, CONFERENCE 1, 206, 1100, ER601, TD197, 1, TECHNICAL_DATA
TD217, CN611, TECH PANEL, CONFERENCE 1, 206, 300, EN601, TD217, 4, TECHNICAL_DATA
TD218, CN611, TECH PANEL, CONFERENCE 1, 206, 300, EN601, TD218, 4, TECHNICAL_DATA
TD219, CN611, TECH PANEL, CONFERENCE 1, 206, 300, EN601, TD219, 4, TECHNICAL_DATA
TD220, CN611, TECH PANEL, CONFERENCE 1, 206, 300, EN601, TD220, 4, TECHNICAL_DATA
TD221, CN612, TECH PANEL/FLOOR BOX, CONFERENCE 1, 206, 0, EN601, TD221, 4, TECHNICAL_DATA
TD222, CN612, TECH PANEL/FLOOR BOX, CONFERENCE 1, 206, 0, EN601, TD222, 4, TECHNICAL_DATA
TD223, CN612, TECH PANEL/FLOOR BOX, CONFERENCE 1, 206, 0, EN601, TD223, 4, TECHNICAL_DATA
TD224, CN612, TECH PANEL/FLOOR BOX, CONFERENCE 1, 206, 0, EN601, TD224, 4, TECHNICAL_DATA
TD241, CN651, AV CONTROL, CONFERENCE 2, 205, 1100, ER601, TD241, 1, TECHNICAL_DATA
TD265, CN661, TECH PANEL/FLOOR BOX, CONFERENCE 2, 205, 0, EN601, TD265, 4, TECHNICAL_DATA
TD266, CN661, TECH PANEL/FLOOR BOX, CONFERENCE 2, 205, 0, EN601, TD266, 4, TECHNICAL_DATA
TD267, CN661, TECH PANEL/FLOOR BOX, CONFERENCE 2, 205, 0, EN601, TD267, 4, TECHNICAL_DATA
TD268, CN661, TECH PANEL/FLOOR BOX, CONFERENCE 2, 205, 0, EN601, TD268, 4, TECHNICAL_DATA
TD269, CN662, TECH PANEL/FLOOR BOX, CONFERENCE 2, 205, 0, EN601, TD269, 4, TECHNICAL_DATA
TD270, CN662, TECH PANEL/FLOOR BOX, CONFERENCE 2, 205, 0, EN601, TD270, 4, TECHNICAL_DATA
TD271, CN662, TECH PANEL/FLOOR BOX, CONFERENCE 2, 205, 0, EN601, TD271, 4, TECHNICAL_DATA
TD272, CN662, TECH PANEL/FLOOR BOX, CONFERENCE 2, 205, 0, EN601, TD272, 4, TECHNICAL_DATA
TD289, CN701, LIGHTING, CONFERENCE 1, 206, PIPE GRID, ER601, TD289, 1, TECHNICAL_DATA
TD290, CN702, LIGHTING, CONFERENCE 1, 206, PIPE GRID, ER601, TD290, 1, TECHNICAL_DATA
TD291, CN703, LIGHTING, CONFERENCE 1, 206, PIPE GRID, ER601, TD291, 1, TECHNICAL_DATA
TD292, CN704, LIGHTING, CONFERENCE 1, 206, PIPE GRID, ER601, TD292, 1, TECHNICAL_DATA
TD293, CN705, LIGHTING, CONFERENCE 1, 206, PIPE GRID, ER601, TD293, 1, TECHNICAL_DATA
TD294, CN706, LIGHTING, CONFERENCE 1, 206, PIPE GRID, ER601, TD294, 1, TECHNICAL_DATA
TD295, CN707, LIGHTING, CONFERENCE 1, 206, PIPE GRID, ER601, TD295, 1, TECHNICAL_DATA
TD296, CN708, LIGHTING, CONFERENCE 1, 206, PIPE GRID, ER601, TD296, 1, TECHNICAL_DATA
TD297, CN711, SPEAKER POINT, CONFERENCE 1, 206, PIPE GRID, ER601, TD297, 1, TECHNICAL_DATA
TD298, CN712, SPEAKER POINT, CONFERENCE 1, 206, PIPE GRID, ER601, TD298, 1, TECHNICAL_DATA
TD299, CN713, SPEAKER POINT, CONFERENCE 1, 206, PIPE GRID, ER601, TD299, 1, TECHNICAL_DATA
TD300, CN714, SPEAKER POINT, CONFERENCE 1, 206, PIPE GRID, ER601, TD300, 1, TECHNICAL_DATA
TD301, CN721A, PROJECTOR, CONFERENCE 1, 206, PIPE GRID, ER601, TD301, 1, TECHNICAL_DATA
TD302, CN721B, PROJECTOR, CONFERENCE 1, 206, PIPE GRID, ER601, TD302, 1, TECHNICAL_DATA
TD303, CN751, LIGHTING, CONFERENCE 2, 205, PIPE GRID, ER601, TD303, 1, TECHNICAL_DATA
TD304, CN752, LIGHTING, CONFERENCE 2, 205, PIPE GRID, ER601, TD304, 1, TECHNICAL_DATA
TD305, CN753, LIGHTING, CONFERENCE 2, 205, PIPE GRID, ER601, TD305, 1, TECHNICAL_DATA
TD306, CN754, LIGHTING, CONFERENCE 2, 205, PIPE GRID, ER601, TD306, 1, TECHNICAL_DATA
TD307, CN755, LIGHTING, CONFERENCE 2, 205, PIPE GRID, ER601, TD307, 1, TECHNICAL_DATA
TD308, CN756, LIGHTING, CONFERENCE 2, 205, PIPE GRID, ER601, TD308, 1, TECHNICAL_DATA
TD309, CN757, LIGHTING, CONFERENCE 2, 205, PIPE GRID, ER601, TD309, 1, TECHNICAL_DATA
TD310, CN758, LIGHTING, CONFERENCE 2, 205, PIPE GRID, ER601, TD310, 1, TECHNICAL_DATA
TD311, CN761, SPEAKER POINT, CONFERENCE 2, 205, PIPE GRID, ER601, TD311, 1, TECHNICAL_DATA
TD312, CN762, SPEAKER POINT, CONFERENCE 2, 205, PIPE GRID, ER601, TD312, 1, TECHNICAL_DATA
TD313, CN763, SPEAKER POINT, CONFERENCE 2, 205, PIPE GRID, ER601, TD313, 1, TECHNICAL_DATA
TD314, CN764, SPEAKER POINT, CONFERENCE 2, 205, PIPE GRID, ER601, TD314, 1, TECHNICAL_DATA
TD315, CN771A, PROJECTOR, CONFERENCE 2, 205, PIPE GRID, ER601, TD315, 1, TECHNICAL_DATA
TD316, CN771B, PROJECTOR, CONFERENCE 2, 205, PIPE GRID, ER601, TD316, 1, TECHNICAL_DATA
TD317, FY601, TECH PANEL, FOYER, 207, 300, ER601, TD317, 2, TECHNICAL_DATA
TD318, FY601, TECH PANEL, FOYER, 207, 300, ER601, TD318, 2, TECHNICAL_DATA
TD319, FY602, TECH PANEL, FOYER, 207, 300, ER601, TD319, 2, TECHNICAL_DATA
TD320, FY602, TECH PANEL, FOYER, 207, 300, ER601, TD320, 2, TECHNICAL_DATA
TD321, FY623, SCREEN, FOYER, 207, 2200, ER601, TD321, 1, TECHNICAL_DATA
TD322, FY624, SCREEN, FOYER, 207, 2200, ER601, TD322, 1, TECHNICAL_DATA
TD323, FY731, EVENT PANEL, FOYER, 207, CEILING, ER601, TD323, 4, TECHNICAL_DATA
TD324, FY731, EVENT PANEL, FOYER, 207, CEILING, ER601, TD324, 4, TECHNICAL_DATA
TD325, FY731, EVENT PANEL, FOYER, 207, CEILING, ER601, TD325, 4, TECHNICAL_DATA
TD326, FY731, EVENT PANEL, FOYER, 207, CEILING, ER601, TD326, 4, TECHNICAL_DATA
TD327, FY732, EVENT PANEL, FOYER, 207, CEILING, ER601, TD327, 4, TECHNICAL_DATA
TD328, FY732, EVENT PANEL, FOYER, 207, CEILING, ER601, TD328, 4, TECHNICAL_DATA
TD329, FY732, EVENT PANEL, FOYER, 207, CEILING, ER601, TD329, 4, TECHNICAL_DATA
TD330, FY732, EVENT PANEL, FOYER, 207, CEILING, ER601, TD330, 4, TECHNICAL_DATA
TD331, FY733, EVENT PANEL, FOYER, 207, CEILING, ER601, TD331, 4, TECHNICAL_DATA
TD332, FY733, EVENT PANEL, FOYER, 207, CEILING, ER601, TD332, 4, TECHNICAL_DATA
TD333, FY733, EVENT PANEL, FOYER, 207, CEILING, ER601, TD333, 4, TECHNICAL_DATA
TD334, FY733, EVENT PANEL, FOYER, 207, CEILING, ER601, TD334, 4, TECHNICAL_DATA
TD335, FY734, EVENT PANEL, FOYER, 207, CEILING, ER601, TD335, 4, TECHNICAL_DATA
TD336, FY734, EVENT PANEL, FOYER, 207, CEILING, ER601, TD336, 4, TECHNICAL_DATA
TD337, FY734, EVENT PANEL, FOYER, 207, CEILING, ER601, TD337, 4, TECHNICAL_DATA
TD338, FY734, EVENT PANEL, FOYER, 207, CEILING, ER601, TD338, 4, TECHNICAL_DATA
TD361, RH601, AV CONTROL, REHEARSAL, 203, 1100, EN601, TD361, 1, TECHNICAL_DATA
TD362, RH611, TECH PANEL, REHEARSAL, 203, 300, EN601, TD362, 4, TECHNICAL_DATA
TD363, RH611, TECH PANEL, REHEARSAL, 203, 300, EN601, TD363, 4, TECHNICAL_DATA
TD364, RH611, TECH PANEL, REHEARSAL, 203, 300, EN601, TD364, 4, TECHNICAL_DATA
TD365, RH611, TECH PANEL, REHEARSAL, 203, 300, EN601, TD365, 4, TECHNICAL_DATA
TD366, RH612, TECH PANEL, REHEARSAL, 203, 300, EN601, TD366, 4, TECHNICAL_DATA
TD367, RH612, TECH PANEL, REHEARSAL, 203, 300, EN601, TD367, 4, TECHNICAL_DATA
TD368, RH612, TECH PANEL, REHEARSAL, 203, 300, EN601, TD368, 4, TECHNICAL_DATA
TD369, RH612, TECH PANEL, REHEARSAL, 203, 300, EN601, TD369, 4, TECHNICAL_DATA
TD370, RH613, TECH PANEL/FLOOR BOX, REHEARSAL, 203, 0, EN601, TD370, 4, TECHNICAL_DATA
TD371, RH613, TECH PANEL/FLOOR BOX, REHEARSAL, 203, 0, EN601, TD371, 4, TECHNICAL_DATA
TD372, RH613, TECH PANEL/FLOOR BOX, REHEARSAL, 203, 0, EN601, TD372, 4, TECHNICAL_DATA
TD373, RH613, TECH PANEL/FLOOR BOX, REHEARSAL, 203, 0, EN601, TD373, 4, TECHNICAL_DATA
TD385, RH701, LIGHTING, REHEARSAL, 203, PIPE GRID, ER601, TD385, 1, TECHNICAL_DATA
TD386, RH702, LIGHTING, REHEARSAL, 203, PIPE GRID, ER601, TD386, 1, TECHNICAL_DATA
TD387, RH703, LIGHTING, REHEARSAL, 203, PIPE GRID, ER601, TD387, 1, TECHNICAL_DATA
TD388, RH704, LIGHTING, REHEARSAL, 203, PIPE GRID, ER601, TD388, 1, TECHNICAL_DATA
TD389, RH705, LIGHTING, REHEARSAL, 203, PIPE GRID, ER601, TD389, 1, TECHNICAL_DATA
TD390, RH706, LIGHTING, REHEARSAL, 203, PIPE GRID, ER601, TD390, 1, TECHNICAL_DATA
TD391, RH707, LIGHTING, REHEARSAL, 203, PIPE GRID, ER601, TD391, 1, TECHNICAL_DATA
TD392, RH708, LIGHTING, REHEARSAL, 203, PIPE GRID, ER601, TD392, 1, TECHNICAL_DATA
TD393, RH711, SPEAKER POINT, REHEARSAL, 203, PIPE GRID, ER601, TD393, 1, TECHNICAL_DATA
TD394, RH712, SPEAKER POINT, REHEARSAL, 203, PIPE GRID, ER601, TD394, 1, TECHNICAL_DATA
TD395, RH713, SPEAKER POINT, REHEARSAL, 203, PIPE GRID, ER601, TD395, 1, TECHNICAL_DATA
TD396, RH714, SPEAKER POINT, REHEARSAL, 203, PIPE GRID, ER601, TD396, 1, TECHNICAL_DATA
TD397, RH731A, PROJECTOR, REHEARSAL, 203, PIPE GRID, ER601, TD397, 1, TECHNICAL_DATA
TD398, RH731B, PROJECTOR, REHEARSAL, 203, PIPE GRID, ER601, TD398, 1, TECHNICAL_DATA
TD409, FY213, TECH PANEL/FLOOR BOX, FUNCTION/FOYER, G01, 0, ER211, TD409, 2, TECHNICAL_DATA
TD410, FY213, TECH PANEL/FLOOR BOX, FUNCTION/FOYER, G01, 0, ER211, TD410, 2, TECHNICAL_DATA
TD411, FY214, TECH PANEL, FUNCTION/FOYER, G01, 0, ER211, TD411, 2, TECHNICAL_DATA
TD412, FY214, TECH PANEL, FUNCTION/FOYER, G01, 0, ER211, TD412, 2, TECHNICAL_DATA
TD413, FY221, SCREEN, FUNCTION/FOYER, G01, 2200, ER211, TD413, 1, TECHNICAL_DATA
TD414, FY222, SCREEN, FUNCTION/FOYER, G01, 2200, ER211, TD414, 1, TECHNICAL_DATA
TD415, FY227, SCREEN, FUNCTION/FOYER, G01, 2200, ER211, TD415, 1, TECHNICAL_DATA
TD416, FY228, SCREEN, FUNCTION/FOYER, G01, 2200, ER211, TD416, 1, TECHNICAL_DATA
TD417, FY229, SCREEN, FUNCTION/FOYER, G01, 2200, ER211, TD417, 1, TECHNICAL_DATA
TD418, FY231, HOUSE MANAGERS PANEL, FUNCTION/FOYER, G01, 1100, ER211, TD418, 1, TECHNICAL_DATA
TD419, FY301, TECH PANEL, FUNCTION/FOYER, G01, CEILING, ER211, TD419, 4, TECHNICAL_DATA
TD420, FY301, TECH PANEL, FUNCTION/FOYER, G01, CEILING, ER211, TD420, 4, TECHNICAL_DATA
TD421, FY301, TECH PANEL, FUNCTION/FOYER, G01, CEILING, ER211, TD421, 4, TECHNICAL_DATA
TD422, FY301, TECH PANEL, FUNCTION/FOYER, G01, CEILING, ER211, TD422, 4, TECHNICAL_DATA
TD423, FY302, TECH PANEL, FUNCTION/FOYER, G01, CEILING, ER211, TD423, 4, TECHNICAL_DATA
TD424, FY302, TECH PANEL, FUNCTION/FOYER, G01, CEILING, ER211, TD424, 4, TECHNICAL_DATA
TD425, FY302, TECH PANEL, FUNCTION/FOYER, G01, CEILING, ER211, TD425, 4, TECHNICAL_DATA
TD426, FY302, TECH PANEL, FUNCTION/FOYER, G01, CEILING, ER211, TD426, 4, TECHNICAL_DATA
TD427, FY303, TECH PANEL, FUNCTION/FOYER, G01, CEILING, ER211, TD427, 4, TECHNICAL_DATA
TD428, FY303, TECH PANEL, FUNCTION/FOYER, G01, CEILING, ER211, TD428, 4, TECHNICAL_DATA
TD429, FY303, TECH PANEL, FUNCTION/FOYER, G01, CEILING, ER211, TD429, 4, TECHNICAL_DATA
TD430, FY303, TECH PANEL, FUNCTION/FOYER, G01, CEILING, ER211, TD430, 4, TECHNICAL_DATA
TD431, FY304, TECH PANEL, FUNCTION/FOYER, G01, CEILING, ER211, TD431, 4, TECHNICAL_DATA
TD432, FY304, TECH PANEL, FUNCTION/FOYER, G01, CEILING, ER211, TD432, 4, TECHNICAL_DATA
TD433, FY304, TECH PANEL, FUNCTION/FOYER, G01, CEILING, ER211, TD433, 4, TECHNICAL_DATA
TD434, FY304, TECH PANEL, FUNCTION/FOYER, G01, CEILING, ER211, TD434, 4, TECHNICAL_DATA
TD435, FY305, TECH PANEL, FUNCTION/FOYER, G01, CEILING, ER211, TD435, 4, TECHNICAL_DATA
TD436, FY305, TECH PANEL, FUNCTION/FOYER, G01, CEILING, ER211, TD436, 4, TECHNICAL_DATA
TD437, FY305, TECH PANEL, FUNCTION/FOYER, G01, CEILING, ER211, TD437, 4, TECHNICAL_DATA
TD438, FY305, TECH PANEL, FUNCTION/FOYER, G01, CEILING, ER211, TD438, 4, TECHNICAL_DATA
TD439, FY306, TECH PANEL, FUNCTION/FOYER, G01, CEILING, ER211, TD439, 4, TECHNICAL_DATA
TD440, FY306, TECH PANEL, FUNCTION/FOYER, G01, CEILING, ER211, TD440, 4, TECHNICAL_DATA
TD441, FY306, TECH PANEL, FUNCTION/FOYER, G01, CEILING, ER211, TD441, 4, TECHNICAL_DATA
TD442, FY306, TECH PANEL, FUNCTION/FOYER, G01, CEILING, ER211, TD442, 4, TECHNICAL_DATA
TD443, FY307, TECH PANEL, FUNCTION/FOYER, G01, CEILING, ER211, TD443, 4, TECHNICAL_DATA
TD444, FY307, TECH PANEL, FUNCTION/FOYER, G01, CEILING, ER211, TD444, 4, TECHNICAL_DATA
TD445, FY307, TECH PANEL, FUNCTION/FOYER, G01, CEILING, ER211, TD445, 4, TECHNICAL_DATA
TD446, FY307, TECH PANEL, FUNCTION/FOYER, G01, CEILING, ER211, TD446, 4, TECHNICAL_DATA
TD447, FY308, TECH PANEL, FUNCTION/FOYER, G01, CEILING, ER211, TD447, 4, TECHNICAL_DATA
TD448, FY308, TECH PANEL, FUNCTION/FOYER, G01, CEILING, ER211, TD448, 4, TECHNICAL_DATA
TD449, FY308, TECH PANEL, FUNCTION/FOYER, G01, CEILING, ER211, TD449, 4, TECHNICAL_DATA
TD450, FY308, TECH PANEL, FUNCTION/FOYER, G01, CEILING, ER211, TD450, 4, TECHNICAL_DATA
TD451, FY309, TECH PANEL, FUNCTION/FOYER, G01, CEILING, ER211, TD451, 4, TECHNICAL_DATA
TD452, FY309, TECH PANEL, FUNCTION/FOYER, G01, CEILING, ER211, TD452, 4, TECHNICAL_DATA
TD453, FY309, TECH PANEL, FUNCTION/FOYER, G01, CEILING, ER211, TD453, 4, TECHNICAL_DATA
TD454, FY309, TECH PANEL, FUNCTION/FOYER, G01, CEILING, ER211, TD454, 4, TECHNICAL_DATA
TD455, FY310, TECH PANEL, FUNCTION/FOYER, G01, CEILING, ER211, TD455, 4, TECHNICAL_DATA
TD456, FY310, TECH PANEL, FUNCTION/FOYER, G01, CEILING, ER211, TD456, 4, TECHNICAL_DATA
TD457, FY310, TECH PANEL, FUNCTION/FOYER, G01, CEILING, ER211, TD457, 4, TECHNICAL_DATA
TD458, FY310, TECH PANEL, FUNCTION/FOYER, G01, CEILING, ER211, TD458, 4, TECHNICAL_DATA
TD459, FY311, TECH PANEL, FUNCTION/FOYER, G01, CEILING, ER211, TD459, 4, TECHNICAL_DATA
TD460, FY311, TECH PANEL, FUNCTION/FOYER, G01, CEILING, ER211, TD460, 4, TECHNICAL_DATA
TD461, FY311, TECH PANEL, FUNCTION/FOYER, G01, CEILING, ER211, TD461, 4, TECHNICAL_DATA
TD462, FY311, TECH PANEL, FUNCTION/FOYER, G01, CEILING, ER211, TD462, 4, TECHNICAL_DATA
TD463, FY312, TECH PANEL, FUNCTION/FOYER, G01, CEILING, ER211, TD463, 4, TECHNICAL_DATA
TD464, FY312, TECH PANEL, FUNCTION/FOYER, G01, CEILING, ER211, TD464, 4, TECHNICAL_DATA
TD465, FY312, TECH PANEL, FUNCTION/FOYER, G01, CEILING, ER211, TD465, 4, TECHNICAL_DATA
TD466, FY312, TECH PANEL, FUNCTION/FOYER, G01, CEILING, ER211, TD466, 4, TECHNICAL_DATA
TD467, FY313, TECH PANEL, FUNCTION/FOYER, G01, CEILING, ER211, TD467, 4, TECHNICAL_DATA
TD468, FY313, TECH PANEL, FUNCTION/FOYER, G01, CEILING, ER211, TD468, 4, TECHNICAL_DATA
TD469, FY313, TECH PANEL, FUNCTION/FOYER, G01, CEILING, ER211, TD469, 4, TECHNICAL_DATA
TD470, FY313, TECH PANEL, FUNCTION/FOYER, G01, CEILING, ER211, TD470, 4, TECHNICAL_DATA
TD471, FY314, TECH PANEL, FUNCTION/FOYER, G01, CEILING, ER211, TD471, 4, TECHNICAL_DATA
TD472, FY314, TECH PANEL, FUNCTION/FOYER, G01, CEILING, ER211, TD472, 4, TECHNICAL_DATA
TD473, FY314, TECH PANEL, FUNCTION/FOYER, G01, CEILING, ER211, TD473, 4, TECHNICAL_DATA
TD474, FY314, TECH PANEL, FUNCTION/FOYER, G01, CEILING, ER211, TD474, 4, TECHNICAL_DATA
TD475, FY402, TECH PANEL, FOYER, 113, 300, ER211, TD475, 2, TECHNICAL_DATA
TD476, FY402, TECH PANEL, FOYER, 113, 300, ER211, TD476, 2, TECHNICAL_DATA
TD477, FY403, TECH PANEL/FLOOR BOX, FOYER, 113, 0, ER211, TD477, 2, TECHNICAL_DATA
TD478, FY403, TECH PANEL/FLOOR BOX, FOYER, 113, 0, ER211, TD478, 2, TECHNICAL_DATA
TD479, FY423, SCREEN, FOYER, 113, CEILING, ER211, TD479, 1, TECHNICAL_DATA
TD480, FY424, SCREEN, FOYER, 113, CEILING, ER211, TD480, 1, TECHNICAL_DATA
TD505, CR251, CONTROL FLOORBOX, AUDITORIUM, G16, 0, ER491, TD505, 4, TECHNICAL_DATA
TD506, CR251, CONTROL FLOORBOX, AUDITORIUM, G16, 0, ER491, TD506, 4, TECHNICAL_DATA
TD507, CR251, CONTROL FLOORBOX, AUDITORIUM, G16, 0, ER491, TD507, 4, TECHNICAL_DATA
TD508, CR251, CONTROL FLOORBOX, AUDITORIUM, G16, 0, ER491, TD508, 4, TECHNICAL_DATA
TD509, CR451, AUDITORIUM CONTROL, AUDITORIUM, G16, IN RISER, ER491, TD509, 4, TECHNICAL_DATA
TD510, CR451, AUDITORIUM CONTROL, AUDITORIUM, G16, IN RISER, ER491, TD510, 4, TECHNICAL_DATA
TD511, CR451, AUDITORIUM CONTROL, AUDITORIUM, G16, IN RISER, ER491, TD511, 4, TECHNICAL_DATA
TD512, CR451, AUDITORIUM CONTROL, AUDITORIUM, G16, IN RISER, ER491, TD512, 4, TECHNICAL_DATA
TD513, CR491, LIGHTING CONTROL, CONTROL ROOM, , 500, ER491, TD513, 4, TECHNICAL_DATA
TD514, CR491, LIGHTING CONTROL, CONTROL ROOM, , 500, ER491, TD514, 4, TECHNICAL_DATA
TD515, CR491, LIGHTING CONTROL, CONTROL ROOM, , 500, ER491, TD515, 4, TECHNICAL_DATA
TD516, CR491, LIGHTING CONTROL, CONTROL ROOM, , 500, ER491, TD516, 4, TECHNICAL_DATA
TD517, CR492, AUDIO CONTROL, CONTROL ROOM, , 500, ER491, TD517, 4, TECHNICAL_DATA
TD518, CR492, AUDIO CONTROL, CONTROL ROOM, , 500, ER491, TD518, 4, TECHNICAL_DATA
TD519, CR492, AUDIO CONTROL, CONTROL ROOM, , 500, ER491, TD519, 4, TECHNICAL_DATA
TD520, CR492, AUDIO CONTROL, CONTROL ROOM, , 500, ER491, TD520, 4, TECHNICAL_DATA
TD521, CR493, AV CONTROL, CONTROL ROOM, , 500, ER491, TD521, 4, TECHNICAL_DATA
TD522, CR493, AV CONTROL, CONTROL ROOM, , 500, ER491, TD522, 4, TECHNICAL_DATA
TD523, CR493, AV CONTROL, CONTROL ROOM, , 500, ER491, TD523, 4, TECHNICAL_DATA
TD524, CR493, AV CONTROL, CONTROL ROOM, , 500, ER491, TD524, 4, TECHNICAL_DATA
TD529, ER601, EQPT RACK, FURNITURE STORE, 209, 0, ER401 ER211, TD529, 5, TECHNICAL_DATA
TD530, ER601, EQPT RACK, FURNITURE STORE, 209, 0, ER401 ER211, TD530, 5, TECHNICAL_DATA
TD531, ER601, EQPT RACK, FURNITURE STORE, 209, 0, ER401 ER211, TD531, 5, TECHNICAL_DATA
TD532, ER601, EQPT RACK, FURNITURE STORE, 209, 0, ER401 ER211, TD532, 5, TECHNICAL_DATA
TD533, ER601, EQPT RACK, FURNITURE STORE, 209, 0, ER401 ER211, TD533, 5, TECHNICAL_DATA
DM001, AV451, PROJECTOR, AUDITORIUM, G16, SOFFIT, ER401, DM001, 2, DIGITAL_MEDIA
DM002, AV451, PROJECTOR, AUDITORIUM, G16, SOFFIT, ER401, DM002, 2, DIGITAL_MEDIA
DM003, AV651, SHOW RELAY CAMERA, AUDITORIUM, G16, ON BAR, ER401, DM003, 1, DIGITAL_MEDIA
DM004, BS201, SCREEN, PRINC. DR. RM. 1 , G26, 2000, ER401, DM004, 1, DIGITAL_MEDIA
DM005, BS203, SCREEN, MULTI-PURPOSE RM/GREEG32, , 2000, ER401, DM005, 1, DIGITAL_MEDIA
DM006, BS205, SCREEN, DR. RM. G39, , 2000, ER401, DM006, 1, DIGITAL_MEDIA
DM007, BS207, SCREEN, DR. RM. G29, , 2000, ER401, DM007, 1, DIGITAL_MEDIA
DM008, BS209, SCREEN, PRINC. DR. RM. 2 G20, , 2000, ER401, DM008, 1, DIGITAL_MEDIA
DM009, BS211, SCREEN, STAGE DOOR G41, , 2000, ER401, DM009, 1, DIGITAL_MEDIA
DM010, BS213, SCREEN, LOBBY G44, , 2000, ER401, DM010, 1, DIGITAL_MEDIA
DM011, BS214, SCREEN, SCENE DOCK G24, , 2500, ER401, DM011, 1, DIGITAL_MEDIA
DM012, BS215, SCREEN, WORKSHOP G35, , 2000, ER401, DM012, 1, DIGITAL_MEDIA
DM013, BS217, TECH PANEL, WORKSHOP G35, , 1200, ER401, DM013, 2, DIGITAL_MEDIA
DM014, BS217, TECH PANEL, WORKSHOP G35, , 1200, ER401, DM014, 2, DIGITAL_MEDIA
DM015, BS218, TECH PANEL, SCENE DOCK G24, , 500, ER401, DM015, 2, DIGITAL_MEDIA
DM016, BS218, TECH PANEL, SCENE DOCK G24, , 500, ER401, DM016, 2, DIGITAL_MEDIA
DM017, BS401, SCREEN, VENUE MAN. OFFICE 102, , 2000, ER401, DM017, 1, DIGITAL_MEDIA
DM018, DIM601, DIMMER RACK, TECH, 220, 500, ER401, DM018, 1, DIGITAL_MEDIA
DM019, FB201, FLOORBOXES, STAGE, G15, 0, ER401, DM019, 2, DIGITAL_MEDIA
DM020, FB201, FLOORBOXES, STAGE, G15, 0, ER401, DM020, 2, DIGITAL_MEDIA
DM021, FB202, FLOORBOXES, STAGE, G15, 0, ER401, DM021, 2, DIGITAL_MEDIA
DM022, FB202, FLOORBOXES, STAGE, G15, 0, ER401, DM022, 2, DIGITAL_MEDIA
DM023, FB203, FLOORBOXES, STAGE, G15, 0, ER401, DM023, 2, DIGITAL_MEDIA
DM024, FB203, FLOORBOXES, STAGE, G15, 0, ER401, DM024, 2, DIGITAL_MEDIA
DM025, FB204, FLOORBOXES, STAGE, G15, 0, ER401, DM025, 2, DIGITAL_MEDIA
DM026, FB204, FLOORBOXES, STAGE, G15, 0, ER401, DM026, 2, DIGITAL_MEDIA
DM027, FB205, FLOORBOXES, STAGE, G15, 0, ER401, DM027, 2, DIGITAL_MEDIA
DM028, FB205, FLOORBOXES, STAGE, G15, 0, ER401, DM028, 2, DIGITAL_MEDIA
DM029, FB206, FLOORBOXES, STAGE, G15, 0, ER401, DM029, 2, DIGITAL_MEDIA
DM030, FB206, FLOORBOXES, STAGE, G15, 0, ER401, DM030, 2, DIGITAL_MEDIA
DM031, FB207, FLOORBOXES, STAGE, G15, 0, ER401, DM031, 2, DIGITAL_MEDIA
DM032, FB207, FLOORBOXES, STAGE, G15, 0, ER401, DM032, 2, DIGITAL_MEDIA
DM033, FB208, FLOORBOXES, STAGE, G15, 0, ER401, DM033, 2, DIGITAL_MEDIA
DM034, FB208, FLOORBOXES, STAGE, G15, 0, ER401, DM034, 2, DIGITAL_MEDIA
DM035, FB251, FLOORBOXES, AUDITORIUM, G16, 0, ER401, DM035, 2, DIGITAL_MEDIA
DM036, FB251, FLOORBOXES, AUDITORIUM, G16, 0, ER401, DM036, 2, DIGITAL_MEDIA
DM037, FB252, FLOORBOXES, AUDITORIUM, G16, 0, ER401, DM037, 2, DIGITAL_MEDIA
DM038, FB252, FLOORBOXES, AUDITORIUM, G16, 0, ER401, DM038, 2, DIGITAL_MEDIA
DM039, FB253, FLOORBOXES, AUDITORIUM, G16, 0, ER401, DM039, 2, DIGITAL_MEDIA
DM040, FB253, FLOORBOXES, AUDITORIUM, G16, 0, ER401, DM040, 2, DIGITAL_MEDIA
DM041, FB254, FLOORBOXES, AUDITORIUM, G16, 0, ER401, DM041, 2, DIGITAL_MEDIA
DM042, FB254, FLOORBOXES, AUDITORIUM, G16, 0, ER401, DM042, 2, DIGITAL_MEDIA
DM043, FB255, FLOORBOXES, AUDITORIUM, G16, 0, ER401, DM043, 2, DIGITAL_MEDIA
DM044, FB255, FLOORBOXES, AUDITORIUM, G16, 0, ER401, DM044, 2, DIGITAL_MEDIA
DM045, FB256, FLOORBOXES, AUDITORIUM, G16, 0, ER401, DM045, 2, DIGITAL_MEDIA
DM046, FB256, FLOORBOXES, AUDITORIUM, G16, 0, ER401, DM046, 2, DIGITAL_MEDIA
DM047, FB257, FLOORBOXES, AUDITORIUM, G16, 0, ER401, DM047, 2, DIGITAL_MEDIA
DM048, FB257, FLOORBOXES, AUDITORIUM, G16, 0, ER401, DM048, 2, DIGITAL_MEDIA
DM049, FB258, FLOORBOXES, AUDITORIUM, G16, 0, ER401, DM049, 2, DIGITAL_MEDIA
DM050, FB258, FLOORBOXES, AUDITORIUM, G16, 0, ER401, DM050, 2, DIGITAL_MEDIA
DM051, FB259, FLOORBOXES, AUDITORIUM, G16, 0, ER401, DM051, 2, DIGITAL_MEDIA
DM052, FB259, FLOORBOXES, AUDITORIUM, G16, 0, ER401, DM052, 2, DIGITAL_MEDIA
DM053, TP001, TECH PANEL, SUB STAGE, B01, 300, ER401, DM053, 1, DIGITAL_MEDIA
DM054, TP002, TECH PANEL, SUB STAGE, B01, 300, ER401, DM054, 1, DIGITAL_MEDIA
DM055, TP003, TECH PANEL, SUB STAGE, B01, 300, ER401, DM055, 1, DIGITAL_MEDIA
DM056, TP201A, TECH PANEL (SM Panel), PERF LOCK, G23, 300, ER401, DM056, 4, DIGITAL_MEDIA
DM057, TP201A, TECH PANEL (SM Panel), PERF LOCK, G23, 300, ER401, DM057, 4, DIGITAL_MEDIA
DM058, TP201A, TECH PANEL (SM Panel), PERF LOCK, G23, 300, ER401, DM058, 4, DIGITAL_MEDIA
DM059, TP201A, TECH PANEL (SM Panel), PERF LOCK, G23, 300, ER401, DM059, 4, DIGITAL_MEDIA
DM060, TP202, TECH PANEL (SM Panel), STAGE, G15, 300, ER401, DM060, 4, DIGITAL_MEDIA
DM061, TP202, TECH PANEL (SM Panel), STAGE, G15, 300, ER401, DM061, 4, DIGITAL_MEDIA
DM062, TP202, TECH PANEL (SM Panel), STAGE, G15, 300, ER401, DM062, 4, DIGITAL_MEDIA
DM063, TP202, TECH PANEL (SM Panel), STAGE, G15, 300, ER401, DM063, 4, DIGITAL_MEDIA
DM064, TP203, TECH PANEL, STAGE, G15, 300, ER401, DM064, 2, DIGITAL_MEDIA
DM065, TP203, TECH PANEL, STAGE, G15, 300, ER401, DM065, 2, DIGITAL_MEDIA
DM066, TP204, TECH PANEL, STAGE, G15, 300, ER401, DM066, 2, DIGITAL_MEDIA
DM067, TP204, TECH PANEL, STAGE, G15, 300, ER401, DM067, 2, DIGITAL_MEDIA
DM068, TP251, TECH PANEL, FORESTAGE, B02, 300, ER401, DM068, 2, DIGITAL_MEDIA
DM069, TP251, TECH PANEL, FORESTAGE, B02, 300, ER401, DM069, 2, DIGITAL_MEDIA
DM070, TP252, TECH PANEL, FORESTAGE, B02, 300, ER401, DM070, 2, DIGITAL_MEDIA
DM071, TP252, TECH PANEL, FORESTAGE, B02, 300, ER401, DM071, 2, DIGITAL_MEDIA
DM072, TP601, TECH PANEL, TECH (GALLERY), 218, 300, ER401, DM072, 2, DIGITAL_MEDIA
DM073, TP601, TECH PANEL, TECH (GALLERY), 218, 300, ER401, DM073, 2, DIGITAL_MEDIA
DM074, TP602, TECH PANEL, TECH (GALLERY), 219, 300, ER401, DM074, 2, DIGITAL_MEDIA
DM075, TP602, TECH PANEL, TECH (GALLERY), 219, 300, ER401, DM075, 2, DIGITAL_MEDIA
DM076, TP603, TECH PANEL, TECH (GALLERY), 218, 300, ER401, DM076, 2, DIGITAL_MEDIA
DM077, TP603, TECH PANEL, TECH (GALLERY), 218, 300, ER401, DM077, 2, DIGITAL_MEDIA
DM078, TP604, TECH PANEL, TECH (GALLERY), 219, 300, ER401, DM078, 2, DIGITAL_MEDIA
DM079, TP604, TECH PANEL, TECH (GALLERY), 219, 300, ER401, DM079, 2, DIGITAL_MEDIA
DM097, BR701, LIGHTING, BREAK OUT, 204, CEILING, ER601, DM097, 1, DIGITAL_MEDIA
DM098, BR702, LIGHTING, BREAK OUT, 204, CEILING, ER601, DM098, 1, DIGITAL_MEDIA
DM099, BR703, LIGHTING, BREAK OUT, 204, CEILING, ER601, DM099, 1, DIGITAL_MEDIA
DM100, BR704, LIGHTING, BREAK OUT, 204, CEILING, ER601, DM100, 1, DIGITAL_MEDIA
DM121, CN611, TECH PANEL, CONFERENCE 1, 206, 300, EN601, DM121, 4, DIGITAL_MEDIA
DM122, CN611, TECH PANEL, CONFERENCE 1, 206, 300, EN601, DM122, 4, DIGITAL_MEDIA
DM123, CN611, TECH PANEL, CONFERENCE 1, 206, 300, EN601, DM123, 4, DIGITAL_MEDIA
DM124, CN611, TECH PANEL, CONFERENCE 1, 206, 300, EN601, DM124, 4, DIGITAL_MEDIA
DM125, CN612, TECH PANEL/FLOOR BOX, CONFERENCE 1, 206, 0, EN601, DM125, 4, DIGITAL_MEDIA
DM126, CN612, TECH PANEL/FLOOR BOX, CONFERENCE 1, 206, 0, EN601, DM126, 4, DIGITAL_MEDIA
DM127, CN612, TECH PANEL/FLOOR BOX, CONFERENCE 1, 206, 0, EN601, DM127, 4, DIGITAL_MEDIA
DM128, CN612, TECH PANEL/FLOOR BOX, CONFERENCE 1, 206, 0, EN601, DM128, 4, DIGITAL_MEDIA
DM129, CN661, TECH PANEL/FLOOR BOX, CONFERENCE 2, 205, 0, EN601, DM129, 4, DIGITAL_MEDIA
DM130, CN661, TECH PANEL/FLOOR BOX, CONFERENCE 2, 205, 0, EN601, DM130, 4, DIGITAL_MEDIA
DM131, CN661, TECH PANEL/FLOOR BOX, CONFERENCE 2, 205, 0, EN601, DM131, 4, DIGITAL_MEDIA
DM132, CN661, TECH PANEL/FLOOR BOX, CONFERENCE 2, 205, 0, EN601, DM132, 4, DIGITAL_MEDIA
DM133, CN662, TECH PANEL/FLOOR BOX, CONFERENCE 2, 205, 0, EN601, DM133, 4, DIGITAL_MEDIA
DM134, CN662, TECH PANEL/FLOOR BOX, CONFERENCE 2, 205, 0, EN601, DM134, 4, DIGITAL_MEDIA
DM135, CN662, TECH PANEL/FLOOR BOX, CONFERENCE 2, 205, 0, EN601, DM135, 4, DIGITAL_MEDIA
DM136, CN662, TECH PANEL/FLOOR BOX, CONFERENCE 2, 205, 0, EN601, DM136, 4, DIGITAL_MEDIA
DM145, CN711, SPEAKER POINT, CONFERENCE 1, 206, PIPE GRID, ER601, DM145, 1, DIGITAL_MEDIA
DM146, CN712, SPEAKER POINT, CONFERENCE 1, 206, PIPE GRID, ER601, DM146, 1, DIGITAL_MEDIA
DM147, CN713, SPEAKER POINT, CONFERENCE 1, 206, PIPE GRID, ER601, DM147, 1, DIGITAL_MEDIA
DM148, CN714, SPEAKER POINT, CONFERENCE 1, 206, PIPE GRID, ER601, DM148, 1, DIGITAL_MEDIA
DM149, CN721A, PROJECTOR, CONFERENCE 1, 206, PIPE GRID, ER601, DM149, 1, DIGITAL_MEDIA
DM150, CN721B, PROJECTOR, CONFERENCE 1, 206, PIPE GRID, ER601, DM150, 1, DIGITAL_MEDIA
DM151, CN761, SPEAKER POINT, CONFERENCE 2, 205, PIPE GRID, ER601, DM151, 1, DIGITAL_MEDIA
DM152, CN762, SPEAKER POINT, CONFERENCE 2, 205, PIPE GRID, ER601, DM152, 1, DIGITAL_MEDIA
DM153, CN763, SPEAKER POINT, CONFERENCE 2, 205, PIPE GRID, ER601, DM153, 1, DIGITAL_MEDIA
DM154, CN764, SPEAKER POINT, CONFERENCE 2, 205, PIPE GRID, ER601, DM154, 1, DIGITAL_MEDIA
DM155, CN771A, PROJECTOR, CONFERENCE 2, 205, PIPE GRID, ER601, DM155, 1, DIGITAL_MEDIA
DM156, CN771B, PROJECTOR, CONFERENCE 2, 205, PIPE GRID, ER601, DM156, 1, DIGITAL_MEDIA
DM157, FY601, TECH PANEL, FOYER, 207, 300, ER601, DM157, 2, DIGITAL_MEDIA
DM158, FY601, TECH PANEL, FOYER, 207, 300, ER601, DM158, 2, DIGITAL_MEDIA
DM159, FY602, TECH PANEL, FOYER, 207, 300, ER601, DM159, 2, DIGITAL_MEDIA
DM160, FY602, TECH PANEL, FOYER, 207, 300, ER601, DM160, 2, DIGITAL_MEDIA
DM161, FY621, SCREEN, FOYER, 207, 2200, ER601, DM161, 2, DIGITAL_MEDIA
DM162, FY621, SCREEN, FOYER, 207, 2200, ER601, DM162, 2, DIGITAL_MEDIA
DM163, FY622, SCREEN, FOYER, 207, 2200, ER601, DM163, 2, DIGITAL_MEDIA
DM164, FY622, SCREEN, FOYER, 207, 2200, ER601, DM164, 2, DIGITAL_MEDIA
DM165, FY623, SCREEN, FOYER, 207, 2200, ER601, DM165, 2, DIGITAL_MEDIA
DM166, FY623, SCREEN, FOYER, 207, 2200, ER601, DM166, 2, DIGITAL_MEDIA
DM167, FY624, SCREEN, FOYER, 207, 2200, ER601, DM167, 2, DIGITAL_MEDIA
DM168, FY624, SCREEN, FOYER, 207, 2200, ER601, DM168, 2, DIGITAL_MEDIA
DM193, RH611, TECH PANEL, REHEARSAL, 203, 300, EN601, DM193, 4, DIGITAL_MEDIA
DM194, RH611, TECH PANEL, REHEARSAL, 203, 300, EN601, DM194, 4, DIGITAL_MEDIA
DM195, RH611, TECH PANEL, REHEARSAL, 203, 300, EN601, DM195, 4, DIGITAL_MEDIA
DM196, RH611, TECH PANEL, REHEARSAL, 203, 300, EN601, DM196, 4, DIGITAL_MEDIA
DM197, RH612, TECH PANEL, REHEARSAL, 203, 300, EN601, DM197, 4, DIGITAL_MEDIA
DM198, RH612, TECH PANEL, REHEARSAL, 203, 300, EN601, DM198, 4, DIGITAL_MEDIA
DM199, RH612, TECH PANEL, REHEARSAL, 203, 300, EN601, DM199, 4, DIGITAL_MEDIA
DM200, RH612, TECH PANEL, REHEARSAL, 203, 300, EN601, DM200, 4, DIGITAL_MEDIA
DM201, RH613, TECH PANEL/FLOOR BOX, REHEARSAL, 203, 0, EN601, DM201, 4, DIGITAL_MEDIA
DM202, RH613, TECH PANEL/FLOOR BOX, REHEARSAL, 203, 0, EN601, DM202, 4, DIGITAL_MEDIA
DM203, RH613, TECH PANEL/FLOOR BOX, REHEARSAL, 203, 0, EN601, DM203, 4, DIGITAL_MEDIA
DM204, RH613, TECH PANEL/FLOOR BOX, REHEARSAL, 203, 0, EN601, DM204, 4, DIGITAL_MEDIA
DM217, RH711, SPEAKER POINT, REHEARSAL, 203, PIPE GRID, ER601, DM217, 1, DIGITAL_MEDIA
DM218, RH712, SPEAKER POINT, REHEARSAL, 203, PIPE GRID, ER601, DM218, 1, DIGITAL_MEDIA
DM219, RH713, SPEAKER POINT, REHEARSAL, 203, PIPE GRID, ER601, DM219, 1, DIGITAL_MEDIA
DM220, RH714, SPEAKER POINT, REHEARSAL, 203, PIPE GRID, ER601, DM220, 1, DIGITAL_MEDIA
DM221, RH731A, PROJECTOR, REHEARSAL, 203, PIPE GRID, ER601, DM221, 1, DIGITAL_MEDIA
DM222, RH731B, PROJECTOR, REHEARSAL, 203, PIPE GRID, ER601, DM222, 1, DIGITAL_MEDIA
DM241, FY201, TECH PANEL/FLOOR BOX, FUNCTION/FOYER, G01, 0, ER211, DM241, 2, DIGITAL_MEDIA
DM242, FY201, TECH PANEL/FLOOR BOX, FUNCTION/FOYER, G01, 0, ER211, DM242, 2, DIGITAL_MEDIA
DM243, FY202, TECH PANEL, FUNCTION/FOYER, G01, 300, ER211, DM243, 2, DIGITAL_MEDIA
DM244, FY202, TECH PANEL, FUNCTION/FOYER, G01, 300, ER211, DM244, 2, DIGITAL_MEDIA
DM245, FY211, TECH PANEL/FLOOR BOX, FUNCTION/FOYER, G01, 0, ER211, DM245, 2, DIGITAL_MEDIA
DM246, FY211, TECH PANEL/FLOOR BOX, FUNCTION/FOYER, G01, 0, ER211, DM246, 2, DIGITAL_MEDIA
DM247, FY213, TECH PANEL/FLOOR BOX, FUNCTION/FOYER, G01, 0, ER211, DM247, 2, DIGITAL_MEDIA
DM248, FY213, TECH PANEL/FLOOR BOX, FUNCTION/FOYER, G01, 0, ER211, DM248, 2, DIGITAL_MEDIA
DM249, FY214, TECH PANEL, FUNCTION/FOYER, G01, 0, ER211, DM249, 2, DIGITAL_MEDIA
DM250, FY214, TECH PANEL, FUNCTION/FOYER, G01, 0, ER211, DM250, 2, DIGITAL_MEDIA
DM251, FY221, SCREEN, FUNCTION/FOYER, G01, 2200, ER211, DM251, 2, DIGITAL_MEDIA
DM252, FY221, SCREEN, FUNCTION/FOYER, G01, 2200, ER211, DM252, 2, DIGITAL_MEDIA
DM253, FY222, SCREEN, FUNCTION/FOYER, G01, 2200, ER211, DM253, 2, DIGITAL_MEDIA
DM254, FY222, SCREEN, FUNCTION/FOYER, G01, 2200, ER211, DM254, 2, DIGITAL_MEDIA
DM255, FY226, SCREEN, FUNCTION/FOYER, G01, 2200, ER211, DM255, 2, DIGITAL_MEDIA
DM256, FY226, SCREEN, FUNCTION/FOYER, G01, 2200, ER211, DM256, 2, DIGITAL_MEDIA
DM257, FY227, SCREEN, FUNCTION/FOYER, G01, 2200, ER211, DM257, 2, DIGITAL_MEDIA
DM258, FY227, SCREEN, FUNCTION/FOYER, G01, 2200, ER211, DM258, 2, DIGITAL_MEDIA
DM259, FY228, SCREEN, FUNCTION/FOYER, G01, 2200, ER211, DM259, 2, DIGITAL_MEDIA
DM260, FY228, SCREEN, FUNCTION/FOYER, G01, 2200, ER211, DM260, 2, DIGITAL_MEDIA
DM261, FY229, SCREEN, FUNCTION/FOYER, G01, 2200, ER211, DM261, 2, DIGITAL_MEDIA
DM262, FY229, SCREEN, FUNCTION/FOYER, G01, 2200, ER211, DM262, 2, DIGITAL_MEDIA
DM263, FY401, TECH PANEL/FLOOR BOX, FOYER, 113, 0, ER211, DM263, 2, DIGITAL_MEDIA
DM264, FY401, TECH PANEL/FLOOR BOX, FOYER, 113, 0, ER211, DM264, 2, DIGITAL_MEDIA
DM265, FY402, TECH PANEL, FOYER, 113, 300, ER211, DM265, 2, DIGITAL_MEDIA
DM266, FY402, TECH PANEL, FOYER, 113, 300, ER211, DM266, 2, DIGITAL_MEDIA
DM267, FY403, TECH PANEL/FLOOR BOX, FOYER, 113, 0, ER211, DM267, 2, DIGITAL_MEDIA
DM268, FY403, TECH PANEL/FLOOR BOX, FOYER, 113, 0, ER211, DM268, 2, DIGITAL_MEDIA
DM269, FY421, SCREEN, FOYER, 113, 2200, ER211, DM269, 2, DIGITAL_MEDIA
DM270, FY421, SCREEN, FOYER, 113, 2200, ER211, DM270, 2, DIGITAL_MEDIA
DM271, FY422, SCREEN, FOYER, 113, 2200, ER211, DM271, 2, DIGITAL_MEDIA
DM272, FY422, SCREEN, FOYER, 113, 2200, ER211, DM272, 2, DIGITAL_MEDIA
DM273, FY423, SCREEN, FOYER, 113, CEILING, ER211, DM273, 2, DIGITAL_MEDIA
DM274, FY423, SCREEN, FOYER, 113, CEILING, ER211, DM274, 2, DIGITAL_MEDIA
DM275, FY424, SCREEN, FOYER, 113, CEILING, ER211, DM275, 2, DIGITAL_MEDIA
DM276, FY424, SCREEN, FOYER, 113, CEILING, ER211, DM276, 2, DIGITAL_MEDIA
DM289, CR251, CONTROL FLOORBOX, AUDITORIUM, G16, 0, ER491, DM289, 4, DIGITAL_MEDIA
DM290, CR251, CONTROL FLOORBOX, AUDITORIUM, G16, 0, ER491, DM290, 4, DIGITAL_MEDIA
DM291, CR251, CONTROL FLOORBOX, AUDITORIUM, G16, 0, ER491, DM291, 4, DIGITAL_MEDIA
DM292, CR251, CONTROL FLOORBOX, AUDITORIUM, G16, 0, ER491, DM292, 4, DIGITAL_MEDIA
DM293, CR451, AUDITORIUM CONTROL, AUDITORIUM, G16, IN RISER, ER491, DM293, 4, DIGITAL_MEDIA
DM294, CR451, AUDITORIUM CONTROL, AUDITORIUM, G16, IN RISER, ER491, DM294, 4, DIGITAL_MEDIA
DM295, CR451, AUDITORIUM CONTROL, AUDITORIUM, G16, IN RISER, ER491, DM295, 4, DIGITAL_MEDIA
DM296, CR451, AUDITORIUM CONTROL, AUDITORIUM, G16, IN RISER, ER491, DM296, 4, DIGITAL_MEDIA
DM297, CR491, LIGHTING CONTROL, CONTROL ROOM, , 500, ER491, DM297, 2, DIGITAL_MEDIA
DM298, CR491, LIGHTING CONTROL, CONTROL ROOM, , 500, ER491, DM298, 2, DIGITAL_MEDIA
DM299, CR492, AUDIO CONTROL, CONTROL ROOM, , 500, ER491, DM299, 2, DIGITAL_MEDIA
DM300, CR492, AUDIO CONTROL, CONTROL ROOM, , 500, ER491, DM300, 2, DIGITAL_MEDIA
DM301, CR493, AV CONTROL, CONTROL ROOM, , 500, ER491, DM301, 4, DIGITAL_MEDIA
DM302, CR493, AV CONTROL, CONTROL ROOM, , 500, ER491, DM302, 4, DIGITAL_MEDIA
DM303, CR493, AV CONTROL, CONTROL ROOM, , 500, ER491, DM303, 4, DIGITAL_MEDIA
DM304, CR493, AV CONTROL, CONTROL ROOM, , 500, ER491, DM304, 4, DIGITAL_MEDIA
TB001, CN611, TECH PANEL, CONFERENCE 1, 206, 300, EN601, TB001, 1, TALKBACK
TB002, CN612, TECH PANEL/FLOOR BOX, CONFERENCE 1, 206, 0, EN601, TB002, 1, TALKBACK
TB003, CN661, TECH PANEL/FLOOR BOX, CONFERENCE 2, 205, 0, EN601, TB003, 1, TALKBACK
TB004, CN662, TECH PANEL/FLOOR BOX, CONFERENCE 2, 205, 0, EN601, TB004, 1, TALKBACK
TB025, DIM602, DIMMER RACK, FURNITURE STORE, 209, REF DWG, ER601, TB025, 1, TALKBACK
TB049, RH611, TECH PANEL, REHEARSAL, 203, 300, EN601, TB049, 1, TALKBACK
TB050, RH612, TECH PANEL, REHEARSAL, 203, 300, EN601, TB050, 1, TALKBACK
TB051, RH613, TECH PANEL/FLOOR BOX, REHEARSAL, 203, 0, EN601, TB051, 1, TALKBACK
TB073, BS217, TECH PANEL, WORKSHOP G35, , 1200, ER491, TB073, 1, TALKBACK
TB074, BS218, TECH PANEL, SCENE DOCK G24, , 500, ER491, TB074, 1, TALKBACK
TB075, CR251, CONTROL FLOORBOX, AUDITORIUM, G16, 0, ER491, TB075, 3, TALKBACK
TB076, CR251, CONTROL FLOORBOX, AUDITORIUM, G16, 0, ER491, TB076, 3, TALKBACK
TB077, CR251, CONTROL FLOORBOX, AUDITORIUM, G16, 0, ER491, TB077, 3, TALKBACK
TB078, CR451, AUDITORIUM CONTROL, AUDITORIUM, G16, IN RISER, ER491, TB078, 3, TALKBACK
TB079, CR451, AUDITORIUM CONTROL, AUDITORIUM, G16, IN RISER, ER491, TB079, 3, TALKBACK
TB080, CR451, AUDITORIUM CONTROL, AUDITORIUM, G16, IN RISER, ER491, TB080, 3, TALKBACK
TB081, CR491, LIGHTING CONTROL, CONTROL ROOM, , 500, ER491, TB081, 1, TALKBACK
TB082, CR492, AUDIO CONTROL, CONTROL ROOM, , 500, ER491, TB082, 2, TALKBACK
TB083, CR492, AUDIO CONTROL, CONTROL ROOM, , 500, ER491, TB083, 2, TALKBACK
TB084, CR493, AV CONTROL, CONTROL ROOM, , 500, ER491, TB084, 1, TALKBACK
TB085, DIM601, DIMMER RACK, TECH, 220, 500, ER491, TB085, 1, TALKBACK
TB086, FS651, FOLLOW SPOT, LEVEL 2 BALCONY, , 150, ER491, TB086, 1, TALKBACK
TB087, FS652, FOLLOW SPOT, LEVEL 2 BALCONY, , 150, ER491, TB087, 1, TALKBACK
TB088, TP002, TECH PANEL, SUB STAGE, B01, 300, ER491, TB088, 1, TALKBACK
TB089, TP201A, TECH PANEL (SM Panel), PERF LOCK, G23, 300, ER491, TB089, 1, TALKBACK
TB090, TP202, TECH PANEL (SM Panel), STAGE, G15, 300, ER491, TB090, 1, TALKBACK
TB091, TP203, TECH PANEL, STAGE, G15, 300, ER491, TB091, 1, TALKBACK
TB092, TP204, TECH PANEL, STAGE, G15, 300, ER491, TB092, 1, TALKBACK
TB093, TP251, TECH PANEL, FORESTAGE, B02, 300, ER491, TB093, 2, TALKBACK
TB094, TP251, TECH PANEL, FORESTAGE, B02, 300, ER491, TB094, 2, TALKBACK
TB095, TP252, TECH PANEL, FORESTAGE, B02, 300, ER491, TB095, 2, TALKBACK
TB096, TP252, TECH PANEL, FORESTAGE, B02, 300, ER491, TB096, 2, TALKBACK
TB097, TP601, TECH PANEL, TECH (GALLERY), 218, 300, ER491, TB097, 1, TALKBACK
TB098, TP602, TECH PANEL, TECH (GALLERY), 219, 300, ER491, TB098, 1, TALKBACK
TB099, TP603, TECH PANEL, TECH (GALLERY), 218, 300, ER491, TB099, 1, TALKBACK
TB100, TP604, TECH PANEL, TECH (GALLERY), 219, 300, ER491, TB100, 1, TALKBACK
TB101, TP801, TECH PANEL, FLY GALLERY, , 300, ER491, TB101, 1, TALKBACK
TB102, TP802, TECH PANEL, FLY GALLERY, , 300, ER491, TB102, 1, TALKBACK
TB103, TP803, TECH PANEL, FLY GALLERY, , 300, ER491, TB103, 1, TALKBACK
TB104, TP804, TECH PANEL, FLY GALLERY, , 300, ER491, TB104, 1, TALKBACK
TB105, TP851, TECH PANEL, CABLE NET, , 300, ER491, TB105, 1, TALKBACK
TB106, TP852, TECH PANEL, CABLE NET, , 300, ER491, TB106, 1, TALKBACK
TB107, TP853, TECH PANEL, CABLE NET, , 300, ER491, TB107, 1, TALKBACK
TB108, TP854, TECH PANEL, CABLE NET, , 300, ER491, TB108, 1, TALKBACK
_, BR701, LIGHTING, BREAK OUT, 204, CEILING, 1, _, 1, AUDIO_10A_POWER_DOUBLE_OUTLET
_, BR702, LIGHTING, BREAK OUT, 204, CEILING, 1, _, 1, AUDIO_10A_POWER_DOUBLE_OUTLET
_, BR703, LIGHTING, BREAK OUT, 204, CEILING, 1, _, 1, AUDIO_10A_POWER_DOUBLE_OUTLET
_, BR704, LIGHTING, BREAK OUT, 204, CEILING, 1, _, 1, AUDIO_10A_POWER_DOUBLE_OUTLET
_, FB201, FLOORBOXES, STAGE, G15, 0, 1, _, 1, AUDIO_10A_POWER_DOUBLE_OUTLET
_, FB202, FLOORBOXES, STAGE, G15, 0, 1, _, 1, AUDIO_10A_POWER_DOUBLE_OUTLET
_, FB203, FLOORBOXES, STAGE, G15, 0, 1, _, 1, AUDIO_10A_POWER_DOUBLE_OUTLET
_, FB204, FLOORBOXES, STAGE, G15, 0, 1, _, 1, AUDIO_10A_POWER_DOUBLE_OUTLET
_, FB205, FLOORBOXES, STAGE, G15, 0, 1, _, 1, AUDIO_10A_POWER_DOUBLE_OUTLET
_, FB206, FLOORBOXES, STAGE, G15, 0, 1, _, 1, AUDIO_10A_POWER_DOUBLE_OUTLET
_, FB207, FLOORBOXES, STAGE, G15, 0, 1, _, 1, AUDIO_10A_POWER_DOUBLE_OUTLET
_, FB208, FLOORBOXES, STAGE, G15, 0, 1, _, 1, AUDIO_10A_POWER_DOUBLE_OUTLET
_, FB251, FLOORBOXES, AUDITORIUM, G16, 0, 1, _, 1, AUDIO_10A_POWER_DOUBLE_OUTLET
_, FB252, FLOORBOXES, AUDITORIUM, G16, 0, 1, _, 1, AUDIO_10A_POWER_DOUBLE_OUTLET
_, FB253, FLOORBOXES, AUDITORIUM, G16, 0, 1, _, 1, AUDIO_10A_POWER_DOUBLE_OUTLET
_, FB254, FLOORBOXES, AUDITORIUM, G16, 0, 1, _, 1, AUDIO_10A_POWER_DOUBLE_OUTLET
_, FB255, FLOORBOXES, AUDITORIUM, G16, 0, 1, _, 1, AUDIO_10A_POWER_DOUBLE_OUTLET
_, FB256, FLOORBOXES, AUDITORIUM, G16, 0, 1, _, 1, AUDIO_10A_POWER_DOUBLE_OUTLET
_, FB257, FLOORBOXES, AUDITORIUM, G16, 0, 1, _, 1, AUDIO_10A_POWER_DOUBLE_OUTLET
_, FB258, FLOORBOXES, AUDITORIUM, G16, 0, 1, _, 1, AUDIO_10A_POWER_DOUBLE_OUTLET
_, FB259, FLOORBOXES, AUDITORIUM, G16, 0, 1, _, 1, AUDIO_10A_POWER_DOUBLE_OUTLET
_, FY201, TECH PANEL/FLOOR BOX, FUNCTION/FOYER, G01, 0, 1, _, 1, AUDIO_10A_POWER_DOUBLE_OUTLET
_, FY202, TECH PANEL, FUNCTION/FOYER, G01, 300, 1, _, 1, AUDIO_10A_POWER_DOUBLE_OUTLET
_, FY211, TECH PANEL/FLOOR BOX, FUNCTION/FOYER, G01, 0, 1, _, 1, AUDIO_10A_POWER_DOUBLE_OUTLET
_, FY213, TECH PANEL/FLOOR BOX, FUNCTION/FOYER, G01, 0, 1, _, 1, AUDIO_10A_POWER_DOUBLE_OUTLET
_, FY214, TECH PANEL, FUNCTION/FOYER, G01, 0, 1, _, 1, AUDIO_10A_POWER_DOUBLE_OUTLET
_, FY401, TECH PANEL/FLOOR BOX, FOYER, 113, 0, 1, _, 1, AUDIO_10A_POWER_DOUBLE_OUTLET
_, FY402, TECH PANEL, FOYER, 113, 300, 1, _, 1, AUDIO_10A_POWER_DOUBLE_OUTLET
_, FY403, TECH PANEL/FLOOR BOX, FOYER, 113, 0, 1, _, 1, AUDIO_10A_POWER_DOUBLE_OUTLET
_, FY601, TECH PANEL, FOYER, 207, 300, 1, _, 1, AUDIO_10A_POWER_DOUBLE_OUTLET
_, FY602, TECH PANEL, FOYER, 207, 300, 1, _, 1, AUDIO_10A_POWER_DOUBLE_OUTLET
_, LX451, LX BALCONY BAR, AUDITORIUM, G16, ON BAR, 1, _, 2, AUDIO_10A_POWER_DOUBLE_OUTLET
_, LX451, LX BALCONY BAR, AUDITORIUM, G16, ON BAR, 1, _, 2, AUDIO_10A_POWER_DOUBLE_OUTLET
_, LX452, LX BALCONY BAR, AUDITORIUM, G16, ON BAR, 1, _, 2, AUDIO_10A_POWER_DOUBLE_OUTLET
_, LX452, LX BALCONY BAR, AUDITORIUM, G16, ON BAR, 1, _, 2, AUDIO_10A_POWER_DOUBLE_OUTLET
_, LX453, LX BALCONY BAR, AUDITORIUM, G16, ON BAR, 1, _, 2, AUDIO_10A_POWER_DOUBLE_OUTLET
_, LX453, LX BALCONY BAR, AUDITORIUM, G16, ON BAR, 1, _, 2, AUDIO_10A_POWER_DOUBLE_OUTLET
_, LX454, LX BALCONY BAR, AUDITORIUM, G16, ON BAR, 1, _, 2, AUDIO_10A_POWER_DOUBLE_OUTLET
_, LX454, LX BALCONY BAR, AUDITORIUM, G16, ON BAR, 1, _, 2, AUDIO_10A_POWER_DOUBLE_OUTLET
_, LX651, LX BALCONY BAR, LEVEL 2 BALCONY, , ON BAR, 1, _, 2, AUDIO_10A_POWER_DOUBLE_OUTLET
_, LX651, LX BALCONY BAR, LEVEL 2 BALCONY, , ON BAR, 1, _, 2, AUDIO_10A_POWER_DOUBLE_OUTLET
_, LX652, LX BALCONY BAR, LEVEL 2 BALCONY, , ON BAR, 1, _, 2, AUDIO_10A_POWER_DOUBLE_OUTLET
_, LX652, LX BALCONY BAR, LEVEL 2 BALCONY, , ON BAR, 1, _, 2, AUDIO_10A_POWER_DOUBLE_OUTLET
_, LX653, LX BALCONY BAR, LEVEL 2 BALCONY, , ON BAR, 1, _, 2, AUDIO_10A_POWER_DOUBLE_OUTLET
_, LX653, LX BALCONY BAR, LEVEL 2 BALCONY, , ON BAR, 1, _, 2, AUDIO_10A_POWER_DOUBLE_OUTLET
_, LX654, LX BALCONY BAR, LEVEL 2 BALCONY, , ON BAR, 1, _, 2, AUDIO_10A_POWER_DOUBLE_OUTLET
_, LX654, LX BALCONY BAR, LEVEL 2 BALCONY, , ON BAR, 1, _, 2, AUDIO_10A_POWER_DOUBLE_OUTLET
_, LX655, LX BALCONY BAR, LEVEL 2 BALCONY, , ON BAR, 1, _, 2, AUDIO_10A_POWER_DOUBLE_OUTLET
_, LX655, LX BALCONY BAR, LEVEL 2 BALCONY, , ON BAR, 1, _, 2, AUDIO_10A_POWER_DOUBLE_OUTLET
_, LX656, LX BALCONY BAR, LEVEL 2 BALCONY, , ON BAR, 1, _, 2, AUDIO_10A_POWER_DOUBLE_OUTLET
_, LX656, LX BALCONY BAR, LEVEL 2 BALCONY, , ON BAR, 1, _, 2, AUDIO_10A_POWER_DOUBLE_OUTLET
_, RH611, TECH PANEL, REHEARSAL, 203, 300, 1, _, 1, AUDIO_10A_POWER_DOUBLE_OUTLET
_, RH612, TECH PANEL, REHEARSAL, 203, 300, 1, _, 1, AUDIO_10A_POWER_DOUBLE_OUTLET
_, RH613, TECH PANEL/FLOOR BOX, REHEARSAL, 203, 0, 1, _, 1, AUDIO_10A_POWER_DOUBLE_OUTLET
_, TP001, TECH PANEL, SUB STAGE, B01, 300, 1, _, 1, AUDIO_10A_POWER_DOUBLE_OUTLET
_, TP002, TECH PANEL, SUB STAGE, B01, 300, 1, _, 1, AUDIO_10A_POWER_DOUBLE_OUTLET
_, TP003, TECH PANEL, SUB STAGE, B01, 300, 1, _, 1, AUDIO_10A_POWER_DOUBLE_OUTLET
_, BS218, TECH PANEL, SCENE DOCK G24, , 500, 2, _, 2, AUDIO_10A_POWER_DOUBLE_OUTLET
_, BS218, TECH PANEL, SCENE DOCK G24, , 500, 2, _, 2, AUDIO_10A_POWER_DOUBLE_OUTLET
_, CN611, TECH PANEL, CONFERENCE 1, 206, 300, 2, _, 2, AUDIO_10A_POWER_DOUBLE_OUTLET
_, CN611, TECH PANEL, CONFERENCE 1, 206, 300, 2, _, 2, AUDIO_10A_POWER_DOUBLE_OUTLET
_, CN612, TECH PANEL/FLOOR BOX, CONFERENCE 1, 206, 0, 2, _, 2, AUDIO_10A_POWER_DOUBLE_OUTLET
_, CN612, TECH PANEL/FLOOR BOX, CONFERENCE 1, 206, 0, 2, _, 2, AUDIO_10A_POWER_DOUBLE_OUTLET
_, CN661, TECH PANEL/FLOOR BOX, CONFERENCE 2, 205, 0, 2, _, 2, AUDIO_10A_POWER_DOUBLE_OUTLET
_, CN661, TECH PANEL/FLOOR BOX, CONFERENCE 2, 205, 0, 2, _, 2, AUDIO_10A_POWER_DOUBLE_OUTLET
_, CN662, TECH PANEL/FLOOR BOX, CONFERENCE 2, 205, 0, 2, _, 2, AUDIO_10A_POWER_DOUBLE_OUTLET
_, CN662, TECH PANEL/FLOOR BOX, CONFERENCE 2, 205, 0, 2, _, 2, AUDIO_10A_POWER_DOUBLE_OUTLET
_, CR493, AV CONTROL, CONTROL ROOM, , 500, 2, _, 2, AUDIO_10A_POWER_DOUBLE_OUTLET
_, CR493, AV CONTROL, CONTROL ROOM, , 500, 2, _, 2, AUDIO_10A_POWER_DOUBLE_OUTLET
_, LX861, LX BAR, CABLE NET, , ON CABLENET PICKUPS, 2, _, 2, AUDIO_10A_POWER_DOUBLE_OUTLET
_, LX861, LX BAR, CABLE NET, , ON CABLENET PICKUPS, 2, _, 2, AUDIO_10A_POWER_DOUBLE_OUTLET
_, LX862, LX BAR, CABLE NET, , ON CABLENET PICKUPS, 2, _, 2, AUDIO_10A_POWER_DOUBLE_OUTLET
_, LX862, LX BAR, CABLE NET, , ON CABLENET PICKUPS, 2, _, 2, AUDIO_10A_POWER_DOUBLE_OUTLET
_, LX863, LX BAR, CABLE NET, , ON CABLENET PICKUPS, 2, _, 2, AUDIO_10A_POWER_DOUBLE_OUTLET
_, LX863, LX BAR, CABLE NET, , ON CABLENET PICKUPS, 2, _, 2, AUDIO_10A_POWER_DOUBLE_OUTLET
_, TP201A, TECH PANEL (SM Panel), PERF LOCK, G23, 300, 2, _, 2, AUDIO_10A_POWER_DOUBLE_OUTLET
_, TP201A, TECH PANEL (SM Panel), PERF LOCK, G23, 300, 2, _, 2, AUDIO_10A_POWER_DOUBLE_OUTLET
_, TP202, TECH PANEL (SM Panel), STAGE, G15, 300, 2, _, 2, AUDIO_10A_POWER_DOUBLE_OUTLET
_, TP202, TECH PANEL (SM Panel), STAGE, G15, 300, 2, _, 2, AUDIO_10A_POWER_DOUBLE_OUTLET
_, TP203, TECH PANEL, STAGE, G15, 300, 2, _, 2, AUDIO_10A_POWER_DOUBLE_OUTLET
_, TP203, TECH PANEL, STAGE, G15, 300, 2, _, 2, AUDIO_10A_POWER_DOUBLE_OUTLET
_, TP204, TECH PANEL, STAGE, G15, 300, 2, _, 2, AUDIO_10A_POWER_DOUBLE_OUTLET
_, TP204, TECH PANEL, STAGE, G15, 300, 2, _, 2, AUDIO_10A_POWER_DOUBLE_OUTLET
_, TP251, TECH PANEL, FORESTAGE, B02, 300, 2, _, 2, AUDIO_10A_POWER_DOUBLE_OUTLET
_, TP251, TECH PANEL, FORESTAGE, B02, 300, 2, _, 2, AUDIO_10A_POWER_DOUBLE_OUTLET
_, TP252, TECH PANEL, FORESTAGE, B02, 300, 2, _, 2, AUDIO_10A_POWER_DOUBLE_OUTLET
_, TP252, TECH PANEL, FORESTAGE, B02, 300, 2, _, 2, AUDIO_10A_POWER_DOUBLE_OUTLET
_, TP601, TECH PANEL, TECH (GALLERY), 218, 300, 2, _, 2, AUDIO_10A_POWER_DOUBLE_OUTLET
_, TP601, TECH PANEL, TECH (GALLERY), 218, 300, 2, _, 2, AUDIO_10A_POWER_DOUBLE_OUTLET
_, TP602, TECH PANEL, TECH (GALLERY), 219, 300, 2, _, 2, AUDIO_10A_POWER_DOUBLE_OUTLET
_, TP602, TECH PANEL, TECH (GALLERY), 219, 300, 2, _, 2, AUDIO_10A_POWER_DOUBLE_OUTLET
_, TP603, TECH PANEL, TECH (GALLERY), 218, 300, 2, _, 2, AUDIO_10A_POWER_DOUBLE_OUTLET
_, TP603, TECH PANEL, TECH (GALLERY), 218, 300, 2, _, 2, AUDIO_10A_POWER_DOUBLE_OUTLET
_, TP604, TECH PANEL, TECH (GALLERY), 219, 300, 2, _, 2, AUDIO_10A_POWER_DOUBLE_OUTLET
_, TP604, TECH PANEL, TECH (GALLERY), 219, 300, 2, _, 2, AUDIO_10A_POWER_DOUBLE_OUTLET
_, TP851, TECH PANEL, CABLE NET, , 300, 2, _, 2, AUDIO_10A_POWER_DOUBLE_OUTLET
_, TP851, TECH PANEL, CABLE NET, , 300, 2, _, 2, AUDIO_10A_POWER_DOUBLE_OUTLET
_, TP852, TECH PANEL, CABLE NET, , 300, 2, _, 2, AUDIO_10A_POWER_DOUBLE_OUTLET
_, TP852, TECH PANEL, CABLE NET, , 300, 2, _, 2, AUDIO_10A_POWER_DOUBLE_OUTLET
_, TP853, TECH PANEL, CABLE NET, , 300, 2, _, 2, AUDIO_10A_POWER_DOUBLE_OUTLET
_, TP853, TECH PANEL, CABLE NET, , 300, 2, _, 2, AUDIO_10A_POWER_DOUBLE_OUTLET
_, TP854, TECH PANEL, CABLE NET, , 300, 2, _, 2, AUDIO_10A_POWER_DOUBLE_OUTLET
_, TP854, TECH PANEL, CABLE NET, , 300, 2, _, 2, AUDIO_10A_POWER_DOUBLE_OUTLET
_, BS217, TECH PANEL, WORKSHOP G35, , 1200, 3, _, 4, AUDIO_10A_POWER_DOUBLE_OUTLET
_, BS217, TECH PANEL, WORKSHOP G35, , 1200, 3, _, 4, AUDIO_10A_POWER_DOUBLE_OUTLET
_, BS217, TECH PANEL, WORKSHOP G35, , 1200, 3, _, 4, AUDIO_10A_POWER_DOUBLE_OUTLET
_, BS217, TECH PANEL, WORKSHOP G35, , 1200, 3, _, 4, AUDIO_10A_POWER_DOUBLE_OUTLET
_, CR251, CONTROL FLOORBOX, AUDITORIUM, G16, 0, 3, _, 3, AUDIO_10A_POWER_DOUBLE_OUTLET
_, CR251, CONTROL FLOORBOX, AUDITORIUM, G16, 0, 3, _, 3, AUDIO_10A_POWER_DOUBLE_OUTLET
_, CR251, CONTROL FLOORBOX, AUDITORIUM, G16, 0, 3, _, 3, AUDIO_10A_POWER_DOUBLE_OUTLET
_, CR451, AUDITORIUM CONTROL, AUDITORIUM, G16, IN RISER, 3, _, 3, AUDIO_10A_POWER_DOUBLE_OUTLET
_, CR451, AUDITORIUM CONTROL, AUDITORIUM, G16, IN RISER, 3, _, 3, AUDIO_10A_POWER_DOUBLE_OUTLET
_, CR451, AUDITORIUM CONTROL, AUDITORIUM, G16, IN RISER, 3, _, 3, AUDIO_10A_POWER_DOUBLE_OUTLET
_, CR492, AUDIO CONTROL, CONTROL ROOM, , 500, 3, _, 1, AUDIO_10A_POWER_DOUBLE_OUTLET
_, SX851A, SPEAKER (ARRAY), AUDITORIUM, G16, CEILING, 2x(20A), _, 1, AUDIO_10A_POWER_DOUBLE_OUTLET
_, SX851B, SPEAKER (SUBS), AUDITORIUM, G16, CEILING, 2x(20A), _, 1, AUDIO_10A_POWER_DOUBLE_OUTLET
_, SX852, SPEAKER, AUDITORIUM, G16, CEILING, 2x(20A), _, 1, AUDIO_10A_POWER_DOUBLE_OUTLET
_, SX853, SPEAKER, AUDITORIUM, G16, CEILING, 2x(20A), _, 1, AUDIO_10A_POWER_DOUBLE_OUTLET
_, SX854, SPEAKER, AUDITORIUM, G16, CEILING, 2x(20A), _, 1, AUDIO_10A_POWER_DOUBLE_OUTLET
_, SX855A, SPEAKER (ARRAY), AUDITORIUM, G16, CEILING, 2x(20A), _, 1, AUDIO_10A_POWER_DOUBLE_OUTLET
_, SX855B, SPEAKER (SUBS), AUDITORIUM, G16, CEILING, 2x(20A), _, 1, AUDIO_10A_POWER_DOUBLE_OUTLET
PS001, CR493, AV CONTROL, CONTROL ROOM, , 500, ER401, PS001, 1, PAGING_STATION
PS002, TP201A, TECH PANEL (SM Panel), PERF LOCK, G23, 300, ER401, PS002, 1, PAGING_STATION
PS003, TP202, TECH PANEL (SM Panel), STAGE, G15, 300, ER401, PS003, 1, PAGING_STATION
PS025, FY231, HOUSE MANAGERS PANEL, FUNCTION/FOYER, G01, 1100, ER211, PS025, 1, PAGING_STATION
MF001, ER211, EQUIP RACK, CLOAK ROOM, G07, 0, ER401, MF001, 12, MULTIMODE_FIBER
MF002, ER211, EQUIP RACK, CLOAK ROOM, G07, 0, ER401, MF002, 12, MULTIMODE_FIBER
MF003, ER211, EQUIP RACK, CLOAK ROOM, G07, 0, ER401, MF003, 12, MULTIMODE_FIBER
MF004, ER211, EQUIP RACK, CLOAK ROOM, G07, 0, ER401, MF004, 12, MULTIMODE_FIBER
MF005, ER211, EQUIP RACK, CLOAK ROOM, G07, 0, ER401, MF005, 12, MULTIMODE_FIBER
MF006, ER211, EQUIP RACK, CLOAK ROOM, G07, 0, ER401, MF006, 12, MULTIMODE_FIBER
MF007, ER211, EQUIP RACK, CLOAK ROOM, G07, 0, ER401, MF007, 12, MULTIMODE_FIBER
MF008, ER211, EQUIP RACK, CLOAK ROOM, G07, 0, ER401, MF008, 12, MULTIMODE_FIBER
MF009, ER211, EQUIP RACK, CLOAK ROOM, G07, 0, ER401, MF009, 12, MULTIMODE_FIBER
MF010, ER211, EQUIP RACK, CLOAK ROOM, G07, 0, ER401, MF010, 12, MULTIMODE_FIBER
MF011, ER211, EQUIP RACK, CLOAK ROOM, G07, 0, ER401, MF011, 12, MULTIMODE_FIBER
MF012, ER211, EQUIP RACK, CLOAK ROOM, G07, 0, ER401, MF012, 12, MULTIMODE_FIBER
MF013, ER491, EQPT RACK, CONTROL ROOM, , 0, ER401, MF013, 12, MULTIMODE_FIBER
MF014, ER491, EQPT RACK, CONTROL ROOM, , 0, ER401, MF014, 12, MULTIMODE_FIBER
MF015, ER491, EQPT RACK, CONTROL ROOM, , 0, ER401, MF015, 12, MULTIMODE_FIBER
MF016, ER491, EQPT RACK, CONTROL ROOM, , 0, ER401, MF016, 12, MULTIMODE_FIBER
MF017, ER491, EQPT RACK, CONTROL ROOM, , 0, ER401, MF017, 12, MULTIMODE_FIBER
MF018, ER491, EQPT RACK, CONTROL ROOM, , 0, ER401, MF018, 12, MULTIMODE_FIBER
MF019, ER491, EQPT RACK, CONTROL ROOM, , 0, ER401, MF019, 12, MULTIMODE_FIBER
MF020, ER491, EQPT RACK, CONTROL ROOM, , 0, ER401, MF020, 12, MULTIMODE_FIBER
MF021, ER491, EQPT RACK, CONTROL ROOM, , 0, ER401, MF021, 12, MULTIMODE_FIBER
MF022, ER491, EQPT RACK, CONTROL ROOM, , 0, ER401, MF022, 12, MULTIMODE_FIBER
MF023, ER491, EQPT RACK, CONTROL ROOM, , 0, ER401, MF023, 12, MULTIMODE_FIBER
MF024, ER491, EQPT RACK, CONTROL ROOM, , 0, ER401, MF024, 12, MULTIMODE_FIBER
MF025, ER601, EQPT RACK, FURNITURE STORE, 209, 0, ER401, MF025, 12, MULTIMODE_FIBER
MF026, ER601, EQPT RACK, FURNITURE STORE, 209, 0, ER401, MF026, 12, MULTIMODE_FIBER
MF027, ER601, EQPT RACK, FURNITURE STORE, 209, 0, ER401, MF027, 12, MULTIMODE_FIBER
MF028, ER601, EQPT RACK, FURNITURE STORE, 209, 0, ER401, MF028, 12, MULTIMODE_FIBER
MF029, ER601, EQPT RACK, FURNITURE STORE, 209, 0, ER401, MF029, 12, MULTIMODE_FIBER
MF030, ER601, EQPT RACK, FURNITURE STORE, 209, 0, ER401, MF030, 12, MULTIMODE_FIBER
MF031, ER601, EQPT RACK, FURNITURE STORE, 209, 0, ER401, MF031, 12, MULTIMODE_FIBER
MF032, ER601, EQPT RACK, FURNITURE STORE, 209, 0, ER401, MF032, 12, MULTIMODE_FIBER
MF033, ER601, EQPT RACK, FURNITURE STORE, 209, 0, ER401, MF033, 12, MULTIMODE_FIBER
MF034, ER601, EQPT RACK, FURNITURE STORE, 209, 0, ER401, MF034, 12, MULTIMODE_FIBER
MF035, ER601, EQPT RACK, FURNITURE STORE, 209, 0, ER401, MF035, 12, MULTIMODE_FIBER
MF036, ER601, EQPT RACK, FURNITURE STORE, 209, 0, ER401, MF036, 12, MULTIMODE_FIBER
MF037, TP803, TECH PANEL, FLY GALLERY, , 300, ER401, MF037, 4, MULTIMODE_FIBER
MF038, TP803, TECH PANEL, FLY GALLERY, , 300, ER401, MF038, 4, MULTIMODE_FIBER
MF039, TP803, TECH PANEL, FLY GALLERY, , 300, ER401, MF039, 4, MULTIMODE_FIBER
MF040, TP803, TECH PANEL, FLY GALLERY, , 300, ER401, MF040, 4, MULTIMODE_FIBER
MF041, TP804, TECH PANEL, FLY GALLERY, , 300, ER401, MF041, 4, MULTIMODE_FIBER
MF042, TP804, TECH PANEL, FLY GALLERY, , 300, ER401, MF042, 4, MULTIMODE_FIBER
MF043, TP804, TECH PANEL, FLY GALLERY, , 300, ER401, MF043, 4, MULTIMODE_FIBER
MF044, TP804, TECH PANEL, FLY GALLERY, , 300, ER401, MF044, 4, MULTIMODE_FIBER
MF045, TP853, TECH PANEL, CABLE NET, , 300, ER401, MF045, 4, MULTIMODE_FIBER
MF046, TP853, TECH PANEL, CABLE NET, , 300, ER401, MF046, 4, MULTIMODE_FIBER
MF047, TP853, TECH PANEL, CABLE NET, , 300, ER401, MF047, 4, MULTIMODE_FIBER
MF048, TP853, TECH PANEL, CABLE NET, , 300, ER401, MF048, 4, MULTIMODE_FIBER
MF049, TP854, TECH PANEL, CABLE NET, , 300, ER401, MF049, 4, MULTIMODE_FIBER
MF050, TP854, TECH PANEL, CABLE NET, , 300, ER401, MF050, 4, MULTIMODE_FIBER
MF051, TP854, TECH PANEL, CABLE NET, , 300, ER401, MF051, 4, MULTIMODE_FIBER
MF052, TP854, TECH PANEL, CABLE NET, , 300, ER401, MF052, 4, MULTIMODE_FIBER
MF073, ER401, EQPT RACK, TECH ROOM, 117, 0, ER491, MF073, 12, MULTIMODE_FIBER
MF074, ER401, EQPT RACK, TECH ROOM, 117, 0, ER491, MF074, 12, MULTIMODE_FIBER
MF075, ER401, EQPT RACK, TECH ROOM, 117, 0, ER491, MF075, 12, MULTIMODE_FIBER
MF076, ER401, EQPT RACK, TECH ROOM, 117, 0, ER491, MF076, 12, MULTIMODE_FIBER
MF077, ER401, EQPT RACK, TECH ROOM, 117, 0, ER491, MF077, 12, MULTIMODE_FIBER
MF078, ER401, EQPT RACK, TECH ROOM, 117, 0, ER491, MF078, 12, MULTIMODE_FIBER
MF079, ER401, EQPT RACK, TECH ROOM, 117, 0, ER491, MF079, 12, MULTIMODE_FIBER
MF080, ER401, EQPT RACK, TECH ROOM, 117, 0, ER491, MF080, 12, MULTIMODE_FIBER
MF081, ER401, EQPT RACK, TECH ROOM, 117, 0, ER491, MF081, 12, MULTIMODE_FIBER
MF082, ER401, EQPT RACK, TECH ROOM, 117, 0, ER491, MF082, 12, MULTIMODE_FIBER
MF083, ER401, EQPT RACK, TECH ROOM, 117, 0, ER491, MF083, 12, MULTIMODE_FIBER
MF084, ER401, EQPT RACK, TECH ROOM, 117, 0, ER491, MF084, 12, MULTIMODE_FIBER
_, HC201, HOUSE CURTAIN CONTROL, STAGE, G15, 1100, HC601, _, 1, STAGE_LIGHTING_OUTLETS_SINGLE_10A
_, HC201A, HOUSE CURTAIN CONTROL, PERF LOCK, G23, 1100, HC601, _, 1, STAGE_LIGHTING_OUTLETS_SINGLE_10A
_, HC202, HOUSE CURTAIN CONTROL, STAGE, G15, 1100, HC601, _, 1, STAGE_LIGHTING_OUTLETS_SINGLE_10A
_, HC491, HOUSE CURTAIN CONTROL, CONTROL ROOM, , 1100, HC601, _, 1, STAGE_LIGHTING_OUTLETS_SINGLE_10A
_, HC801, HOUSE CURTAIN MOTOR, STAGE, G15, ON TRUSS, HC601, _, 1, STAGE_LIGHTING_OUTLETS_SINGLE_10A
MX001, TP201A, TECH PANEL (SM Panel), PERF LOCK, G23, 300, ER491, MX001, 1, HOIST_CONTROL
MX002, TP202, TECH PANEL (SM Panel), STAGE, G15, 300, ER491, MX002, 1, HOIST_CONTROL
HC001, MX202, PENDANT CONTROL CONNECTION, STAGE, G15, 300, MCC-C, HC001, 4, HOUSE_CURTAIN_CONTROL
HC002, MX202, PENDANT CONTROL CONNECTION, STAGE, G15, 300, MCC-C, HC002, 4, HOUSE_CURTAIN_CONTROL
HC003, MX202, PENDANT CONTROL CONNECTION, STAGE, G15, 300, MCC-C, HC003, 4, HOUSE_CURTAIN_CONTROL
HC004, MX202, PENDANT CONTROL CONNECTION, STAGE, G15, 300, MCC-C, HC004, 4, HOUSE_CURTAIN_CONTROL
HC005, MX720-A, CHAIN MOTOR (UNDER FLY GALLERY), STAGE G15, G15, SOFFIT, MCC-C, HC005, 1, HOUSE_CURTAIN_CONTROL
HC006, MX720-B, CHAIN MOTOR (UNDER FLY GALLERY), STAGE G15, G15, SOFFIT, MCC-C, HC006, 1, HOUSE_CURTAIN_CONTROL
HC007, MX721-A, CHAIN MOTOR (UNDER FLY GALLERY), STAGE G15, G15, SOFFIT, MCC-C, HC007, 1, HOUSE_CURTAIN_CONTROL
HC008, MX721-B, CHAIN MOTOR (UNDER FLY GALLERY), STAGE G15, G15, SOFFIT, MCC-C, HC008, 1, HOUSE_CURTAIN_CONTROL
HC009, MX851A, SPEAKER (ARRAY)CHAIN MOTOR, FORESTAGE GRID, , CEILING, MCC-C, HC009, 1, HOUSE_CURTAIN_CONTROL
HC010, MX851B, SPEAKER (SUBS)CHAIN MOTOR, FORESTAGE GRID, , CEILING, MCC-C, HC010, 1, HOUSE_CURTAIN_CONTROL
HC011, MX852, SPEAKER CHAIN MOTOR (FUTURE), FORESTAGE GRID, , CEILING, MCC-C, HC011, 1, HOUSE_CURTAIN_CONTROL
HC012, MX853, SPEAKER CHAIN MOTOR (FUTURE), FORESTAGE GRID, , CEILING, MCC-C, HC012, 1, HOUSE_CURTAIN_CONTROL
HC013, MX854, SPEAKER CHAIN MOTOR (FUTURE), FORESTAGE GRID, , CEILING, MCC-C, HC013, 1, HOUSE_CURTAIN_CONTROL
HC014, MX855A, SPEAKER (ARRAY)CHAIN MOTOR, FORESTAGE GRID, , CEILING, MCC-C, HC014, 1, HOUSE_CURTAIN_CONTROL
HC015, MX855B, SPEAKER (SUBS)CHAIN MOTOR, FORESTAGE GRID, , CEILING, MCC-C, HC015, 1, HOUSE_CURTAIN_CONTROL
HC016, MX856, ORCH BAR CHAIN MOTOR, FORESTAGE GRID, , CEILING, MCC-C, HC016, 1, HOUSE_CURTAIN_CONTROL
HC017, MX857, ORCH BAR CHAIN MOTOR, FORESTAGE GRID, , CEILING, MCC-C, HC017, 1, HOUSE_CURTAIN_CONTROL
HC025, MX601-A, SINGLE AXIS CONTROLLER, TECH (GALLERY), 218, RAILING, MX601-B, HC025, 1, HOUSE_CURTAIN_CONTROL
HC026, MX901, MOTOR, STAGE G15, G15, WALL, MX601-B, HC026, 1, HOUSE_CURTAIN_CONTROL
HC049, MX602-A, SINGLE AXIS CONTROLLER, TECH (GALLERY), 218, RAILING, MX602-B, HC049, 1, HOUSE_CURTAIN_CONTROL
HC050, MX902, MOTOR, STAGE G15, G15, WALL, MX602-B, HC050, 1, HOUSE_CURTAIN_CONTROL
HC073, MX603-A, SINGLE AXIS CONTROLLER, TECH (GALLERY), 218, RAILING, MX603-B, HC073, 1, HOUSE_CURTAIN_CONTROL
HC074, MX903, MOTOR, STAGE G15, G15, WALL, MX603-B, HC074, 1, HOUSE_CURTAIN_CONTROL
HC097, MX604-A, SINGLE AXIS CONTROLLER, TECH (GALLERY), 218, RAILING, MX604-B, HC097, 1, HOUSE_CURTAIN_CONTROL
HC098, MX904, MOTOR, STAGE G15, G15, WALL, MX604-B, HC098, 1, HOUSE_CURTAIN_CONTROL
HC121, MX605-A, SINGLE AXIS CONTROLLER, TECH (GALLERY), 218, RAILING, MX605-B, HC121, 1, HOUSE_CURTAIN_CONTROL
HC122, MX905, MOTOR, STAGE G15, G15, WALL, MX605-B, HC122, 1, HOUSE_CURTAIN_CONTROL
HC145, MX606-A, SINGLE AXIS CONTROLLER, TECH (GALLERY), 218, RAILING, MX606-B, HC145, 1, HOUSE_CURTAIN_CONTROL
HC146, MX906, MOTOR, STAGE G15, G15, WALL, MX606-B, HC146, 1, HOUSE_CURTAIN_CONTROL
HC169, MX607-A, SINGLE AXIS CONTROLLER, TECH (GALLERY), 218, RAILING, MX607-B, HC169, 1, HOUSE_CURTAIN_CONTROL
HC170, MX907, MOTOR, STAGE G15, G15, WALL, MX607-B, HC170, 1, HOUSE_CURTAIN_CONTROL
HC193, MX608-A, SINGLE AXIS CONTROLLER, TECH (GALLERY), 218, RAILING, MX608-B, HC193, 1, HOUSE_CURTAIN_CONTROL
HC194, MX908, MOTOR, STAGE G15, G15, WALL, MX608-B, HC194, 1, HOUSE_CURTAIN_CONTROL
HC217, MX609-A, SINGLE AXIS CONTROLLER, TECH (GALLERY), 218, RAILING, MX609-B, HC217, 1, HOUSE_CURTAIN_CONTROL
HC218, MX909, MOTOR, STAGE G15, G15, WALL, MX609-B, HC218, 1, HOUSE_CURTAIN_CONTROL
HC241, MX610-A, SINGLE AXIS CONTROLLER, TECH (GALLERY), 218, RAILING, MX610-B, HC241, 1, HOUSE_CURTAIN_CONTROL
HC242, MX910, MOTOR, STAGE G15, G15, WALL, MX610-B, HC242, 1, HOUSE_CURTAIN_CONTROL
HC265, MX611-A, SINGLE AXIS CONTROLLER, TECH (GALLERY), 218, RAILING, MX611-B, HC265, 1, HOUSE_CURTAIN_CONTROL
HC266, MX911, MOTOR, STAGE G15, G15, WALL, MX611-B, HC266, 1, HOUSE_CURTAIN_CONTROL
HC289, MX612-A, SINGLE AXIS CONTROLLER, TECH (GALLERY), 218, RAILING, MX612-B, HC289, 1, HOUSE_CURTAIN_CONTROL
HC290, MX912, MOTOR, STAGE G15, G15, WALL, MX612-B, HC290, 1, HOUSE_CURTAIN_CONTROL
HC313, MX613-A, SINGLE AXIS CONTROLLER, TECH (GALLERY), 218, RAILING, MX613-B, HC313, 1, HOUSE_CURTAIN_CONTROL
HC314, MX913, MOTOR, STAGE G15, G15, WALL, MX613-B, HC314, 1, HOUSE_CURTAIN_CONTROL
HC337, MX614-A, SINGLE AXIS CONTROLLER, TECH (GALLERY), 218, RAILING, MX614-B, HC337, 1, HOUSE_CURTAIN_CONTROL
HC338, MX914, MOTOR, STAGE G15, G15, WALL, MX614-B, HC338, 1, HOUSE_CURTAIN_CONTROL
HC361, MX615-A, SINGLE AXIS CONTROLLER, TECH (GALLERY), 218, RAILING, MX615-B, HC361, 1, HOUSE_CURTAIN_CONTROL
HC362, MX915, MOTOR, STAGE G15, G15, WALL, MX615-B, HC362, 1, HOUSE_CURTAIN_CONTROL
HC385, MX616-A, SINGLE AXIS CONTROLLER, TECH (GALLERY), 218, RAILING, MX616-B, HC385, 1, HOUSE_CURTAIN_CONTROL
HC386, MX716, MOTOR, STAGE G15, G15, WALL, MX616-B, HC386, 1, HOUSE_CURTAIN_CONTROL
HC409, MX617-A, SINGLE AXIS CONTROLLER, TECH (GALLERY), 218, RAILING, MX617-B, HC409, 1, HOUSE_CURTAIN_CONTROL
HC410, MX717, MOTOR, STAGE G15, G15, WALL, MX617-B, HC410, 1, HOUSE_CURTAIN_CONTROL
HC433, MX618-A, SINGLE AXIS CONTROLLER, TECH (GALLERY), 218, RAILING, MX618-B, HC433, 1, HOUSE_CURTAIN_CONTROL
HC434, MX718, MOTOR, STAGE G15, G15, WALL, MX618-B, HC434, 1, HOUSE_CURTAIN_CONTROL
PA001, BS202, VOL CTRL, PRINC. DR. RM. 1 G26, , 1200, ER401, PA001, 1, PERFORMANCE_LOUDSPEAKER
PA002, BS204, VOL CTRL, MULTI-PURPOSE RM/GREEG32, , 1200, ER401, PA002, 1, PERFORMANCE_LOUDSPEAKER
PA003, BS206, VOL CTRL, DR. RM. G39, , 1200, ER401, PA003, 1, PERFORMANCE_LOUDSPEAKER
PA004, BS208, VOL CTRL, DR. RM. G29, , 1200, ER401, PA004, 1, PERFORMANCE_LOUDSPEAKER
PA005, BS210, VOL CTRL, PRINC. DR. RM. 2 G20, , 1200, ER401, PA005, 1, PERFORMANCE_LOUDSPEAKER
PA006, BS212, VOL CTRL, STAGE DOOR G41, , 1200, ER401, PA006, 1, PERFORMANCE_LOUDSPEAKER
PA007, BS216, VOL CTRL, WORKSHOP G35, , 1200, ER401, PA007, 1, PERFORMANCE_LOUDSPEAKER
PA008, BS601, VOL CTRL, GUEST DRESS ROOM 212, , 1200, ER401, PA008, 1, PERFORMANCE_LOUDSPEAKER
